SET session_replication_role = replica;

--
-- PostgreSQL database dump
--

-- \restrict 4jVLdFLqKRBGfsr7FpkOeeuVCIEb2Y1LiehSCOa0LQwfUjgDu6JiR0QGt0RBhTp

-- Dumped from database version 17.6
-- Dumped by pg_dump version 17.6

SET statement_timeout = 0;
SET lock_timeout = 0;
SET idle_in_transaction_session_timeout = 0;
SET transaction_timeout = 0;
SET client_encoding = 'UTF8';
SET standard_conforming_strings = on;
SELECT pg_catalog.set_config('search_path', '', false);
SET check_function_bodies = false;
SET xmloption = content;
SET client_min_messages = warning;
SET row_security = off;

--
-- Data for Name: audit_log_entries; Type: TABLE DATA; Schema: auth; Owner: supabase_auth_admin
--

INSERT INTO "auth"."audit_log_entries" ("instance_id", "id", "payload", "created_at", "ip_address") VALUES
	('00000000-0000-0000-0000-000000000000', '1e44f1fe-5f21-483a-82a1-7b7e83066b2d', '{"action":"user_confirmation_requested","actor_id":"8e655bd3-a6fd-430e-8301-d6e842d997e6","actor_username":"tomoaki.nishimura@funtoco.jp","actor_via_sso":false,"log_type":"user","traits":{"provider":"email"}}', '2025-10-04 11:55:02.634821+00', ''),
	('00000000-0000-0000-0000-000000000000', 'aa44d494-aab4-49e6-a3e4-f061327c4fad', '{"action":"user_modified","actor_id":"00000000-0000-0000-0000-000000000000","actor_username":"service_role","actor_via_sso":false,"log_type":"user","traits":{"user_email":"tomoaki.nishimura@funtoco.jp","user_id":"8e655bd3-a6fd-430e-8301-d6e842d997e6","user_phone":""}}', '2025-10-04 11:55:03.265657+00', ''),
	('00000000-0000-0000-0000-000000000000', 'a331a892-0523-4fcb-b5c9-2323bec524ae', '{"action":"user_signedup","actor_id":"8e655bd3-a6fd-430e-8301-d6e842d997e6","actor_username":"tomoaki.nishimura@funtoco.jp","actor_via_sso":false,"log_type":"team","traits":{"provider":"email"}}', '2025-10-04 11:55:12.490635+00', ''),
	('00000000-0000-0000-0000-000000000000', '949be304-535d-45b9-9bb3-5555e07a985c', '{"action":"login","actor_id":"8e655bd3-a6fd-430e-8301-d6e842d997e6","actor_username":"tomoaki.nishimura@funtoco.jp","actor_via_sso":false,"log_type":"account","traits":{"provider_type":"email"}}', '2025-10-04 11:55:12.980237+00', ''),
	('00000000-0000-0000-0000-000000000000', '062bc4ec-63e5-4ede-88bc-4992d560fbad', '{"action":"token_refreshed","actor_id":"8e655bd3-a6fd-430e-8301-d6e842d997e6","actor_username":"tomoaki.nishimura@funtoco.jp","actor_via_sso":false,"log_type":"token"}', '2025-10-04 23:37:49.372664+00', ''),
	('00000000-0000-0000-0000-000000000000', 'c7d34d08-0174-49a9-8f0f-1f45f10c34df', '{"action":"token_revoked","actor_id":"8e655bd3-a6fd-430e-8301-d6e842d997e6","actor_username":"tomoaki.nishimura@funtoco.jp","actor_via_sso":false,"log_type":"token"}', '2025-10-04 23:37:49.37375+00', ''),
	('00000000-0000-0000-0000-000000000000', '5c7bfded-8528-4edf-807e-ce34462d0582', '{"action":"login","actor_id":"8e655bd3-a6fd-430e-8301-d6e842d997e6","actor_username":"tomoaki.nishimura@funtoco.jp","actor_via_sso":false,"log_type":"account","traits":{"provider":"email"}}', '2025-10-05 00:56:41.017457+00', ''),
	('00000000-0000-0000-0000-000000000000', '75f6e5fc-74c3-4d3b-97f4-f19262f00c37', '{"action":"login","actor_id":"8e655bd3-a6fd-430e-8301-d6e842d997e6","actor_username":"tomoaki.nishimura@funtoco.jp","actor_via_sso":false,"log_type":"account","traits":{"provider":"email"}}', '2025-10-05 06:45:02.53671+00', ''),
	('00000000-0000-0000-0000-000000000000', 'e658fbc1-a8af-417a-adca-dfe68b6af077', '{"action":"login","actor_id":"8e655bd3-a6fd-430e-8301-d6e842d997e6","actor_username":"tomoaki.nishimura@funtoco.jp","actor_via_sso":false,"log_type":"account","traits":{"provider":"email"}}', '2025-10-06 07:51:39.371444+00', ''),
	('00000000-0000-0000-0000-000000000000', '44749398-1fec-40f1-b093-48aeca21431d', '{"action":"user_modified","actor_id":"8e655bd3-a6fd-430e-8301-d6e842d997e6","actor_username":"tomoaki.nishimura@funtoco.jp","actor_via_sso":false,"log_type":"user"}', '2025-10-06 07:52:02.636795+00', ''),
	('00000000-0000-0000-0000-000000000000', 'cb9bff1c-d33b-4653-a60b-9df87cc7d3b4', '{"action":"login","actor_id":"8e655bd3-a6fd-430e-8301-d6e842d997e6","actor_username":"tomoaki.nishimura@funtoco.jp","actor_via_sso":false,"log_type":"account","traits":{"provider":"email"}}', '2025-10-17 03:04:52.947599+00', ''),
	('00000000-0000-0000-0000-000000000000', '56e15513-4a13-4373-8eba-7a0fd71e0d3f', '{"action":"user_invited","actor_id":"00000000-0000-0000-0000-000000000000","actor_username":"service_role","actor_via_sso":false,"log_type":"team","traits":{"user_email":"raffi@funtoco.jp","user_id":"ffa61251-d7a9-4044-92ae-bf0f65caeb4c"}}', '2025-10-17 03:07:34.24577+00', ''),
	('00000000-0000-0000-0000-000000000000', '065ebfd0-c1b8-4dbe-bdd8-a990e989f445', '{"action":"user_signedup","actor_id":"ffa61251-d7a9-4044-92ae-bf0f65caeb4c","actor_username":"raffi@funtoco.jp","actor_via_sso":false,"log_type":"team","traits":{"provider":"email"}}', '2025-10-17 03:07:42.441007+00', ''),
	('00000000-0000-0000-0000-000000000000', 'a14daf52-6940-422f-acfb-83d921f79050', '{"action":"user_updated_password","actor_id":"ffa61251-d7a9-4044-92ae-bf0f65caeb4c","actor_username":"raffi@funtoco.jp","actor_via_sso":false,"log_type":"user"}', '2025-10-17 03:07:55.488869+00', ''),
	('00000000-0000-0000-0000-000000000000', 'cf5c950b-6985-4be9-ad3b-87308f0d954d', '{"action":"user_modified","actor_id":"ffa61251-d7a9-4044-92ae-bf0f65caeb4c","actor_username":"raffi@funtoco.jp","actor_via_sso":false,"log_type":"user"}', '2025-10-17 03:07:55.48926+00', ''),
	('00000000-0000-0000-0000-000000000000', '5a6c81ec-2cda-4e14-8b4e-d7f83dba8629', '{"action":"logout","actor_id":"ffa61251-d7a9-4044-92ae-bf0f65caeb4c","actor_username":"raffi@funtoco.jp","actor_via_sso":false,"log_type":"account"}', '2025-10-17 03:08:13.217661+00', ''),
	('00000000-0000-0000-0000-000000000000', 'b81e6d50-8660-4b64-9e08-dea508c08cd7', '{"action":"login","actor_id":"8e655bd3-a6fd-430e-8301-d6e842d997e6","actor_username":"tomoaki.nishimura@funtoco.jp","actor_via_sso":false,"log_type":"account","traits":{"provider":"email"}}', '2025-10-17 03:08:18.333672+00', ''),
	('00000000-0000-0000-0000-000000000000', '236b7d14-c6f5-45bb-8482-31c8ac55065a', '{"action":"token_refreshed","actor_id":"8e655bd3-a6fd-430e-8301-d6e842d997e6","actor_username":"tomoaki.nishimura@funtoco.jp","actor_via_sso":false,"log_type":"token"}', '2025-10-20 01:30:27.072756+00', ''),
	('00000000-0000-0000-0000-000000000000', '7d2cbe4f-e2e2-442f-81ea-ec6c00ef0574', '{"action":"token_revoked","actor_id":"8e655bd3-a6fd-430e-8301-d6e842d997e6","actor_username":"tomoaki.nishimura@funtoco.jp","actor_via_sso":false,"log_type":"token"}', '2025-10-20 01:30:27.073605+00', ''),
	('00000000-0000-0000-0000-000000000000', '63b45d29-3b1d-4ffa-b3b3-765f8309a687', '{"action":"logout","actor_id":"8e655bd3-a6fd-430e-8301-d6e842d997e6","actor_username":"tomoaki.nishimura@funtoco.jp","actor_via_sso":false,"log_type":"account"}', '2025-10-20 01:30:35.81326+00', ''),
	('00000000-0000-0000-0000-000000000000', 'fce8b7db-fe27-464e-bf3a-bfc99ecdf393', '{"action":"login","actor_id":"ffa61251-d7a9-4044-92ae-bf0f65caeb4c","actor_username":"raffi@funtoco.jp","actor_via_sso":false,"log_type":"account","traits":{"provider":"email"}}', '2025-10-20 01:30:44.334269+00', '');


--
-- Data for Name: flow_state; Type: TABLE DATA; Schema: auth; Owner: supabase_auth_admin
--



--
-- Data for Name: users; Type: TABLE DATA; Schema: auth; Owner: supabase_auth_admin
--

INSERT INTO "auth"."users" ("instance_id", "id", "aud", "role", "email", "encrypted_password", "email_confirmed_at", "invited_at", "confirmation_token", "confirmation_sent_at", "recovery_token", "recovery_sent_at", "email_change_token_new", "email_change", "email_change_sent_at", "last_sign_in_at", "raw_app_meta_data", "raw_user_meta_data", "is_super_admin", "created_at", "updated_at", "phone", "phone_confirmed_at", "phone_change", "phone_change_token", "phone_change_sent_at", "email_change_token_current", "email_change_confirm_status", "banned_until", "reauthentication_token", "reauthentication_sent_at", "is_sso_user", "deleted_at", "is_anonymous") VALUES
	('00000000-0000-0000-0000-000000000000', '8e655bd3-a6fd-430e-8301-d6e842d997e6', 'authenticated', 'authenticated', 'tomoaki.nishimura@funtoco.jp', '$2a$10$e0Gu/gitGrBm2g3BCWCy0OPc2mBKYX55ftJU6CXMsuaQgZbnHijsS', '2025-10-04 11:55:12.491398+00', NULL, '', '2025-10-04 11:55:02.636605+00', '', NULL, '', '', NULL, '2025-10-17 03:08:18.334294+00', '{"provider": "email", "providers": ["email"]}', '{"sub": "8e655bd3-a6fd-430e-8301-d6e842d997e6", "email": "tomoaki.nishimura@funtoco.jp", "tenant_id": "2eca3362-a925-455c-8542-35698084eabb", "tenant_name": "滋賀マルタマフーズ株式会社", "email_verified": true, "phone_verified": false}', NULL, '2025-10-04 11:55:02.625646+00', '2025-10-20 01:30:27.074965+00', NULL, NULL, '', '', NULL, '', 0, NULL, '', NULL, false, NULL, false),
	('00000000-0000-0000-0000-000000000000', 'ffa61251-d7a9-4044-92ae-bf0f65caeb4c', 'authenticated', 'authenticated', 'raffi@funtoco.jp', '$2a$10$nbDU14XJJIx0huHRhsShB.Ny7UhnbhgcVcNY6CqQ9CZtsPIvRZ.Ry', '2025-10-17 03:07:42.441256+00', '2025-10-17 03:07:34.246592+00', '', NULL, '', NULL, '', '', NULL, '2025-10-20 01:30:44.334632+00', '{"provider": "email", "providers": ["email"]}', '{"role": "admin", "tenant_id": "1c5a22c7-ca7c-4db7-9509-d91aff15aee0", "invited_by": "8e655bd3-a6fd-430e-8301-d6e842d997e6", "email_verified": true}', NULL, '2025-10-17 03:07:34.238859+00', '2025-10-20 01:30:44.336494+00', NULL, NULL, '', '', NULL, '', 0, NULL, '', NULL, false, NULL, false);


--
-- Data for Name: identities; Type: TABLE DATA; Schema: auth; Owner: supabase_auth_admin
--

INSERT INTO "auth"."identities" ("provider_id", "user_id", "identity_data", "provider", "last_sign_in_at", "created_at", "updated_at", "id") VALUES
	('8e655bd3-a6fd-430e-8301-d6e842d997e6', '8e655bd3-a6fd-430e-8301-d6e842d997e6', '{"sub": "8e655bd3-a6fd-430e-8301-d6e842d997e6", "email": "tomoaki.nishimura@funtoco.jp", "tenant_name": "柏原マルタマフーズ株式会社", "email_verified": true, "phone_verified": false}', 'email', '2025-10-04 11:55:02.632545+00', '2025-10-04 11:55:02.632577+00', '2025-10-04 11:55:02.632577+00', 'fccac7f4-81af-4ad2-9658-2a8710ef0cdd'),
	('ffa61251-d7a9-4044-92ae-bf0f65caeb4c', 'ffa61251-d7a9-4044-92ae-bf0f65caeb4c', '{"sub": "ffa61251-d7a9-4044-92ae-bf0f65caeb4c", "email": "raffi@funtoco.jp", "email_verified": true, "phone_verified": false}', 'email', '2025-10-17 03:07:34.244692+00', '2025-10-17 03:07:34.244733+00', '2025-10-17 03:07:34.244733+00', '3dc541de-657a-4053-8d5d-50937f2ddb8b');


--
-- Data for Name: instances; Type: TABLE DATA; Schema: auth; Owner: supabase_auth_admin
--



--
-- Data for Name: oauth_clients; Type: TABLE DATA; Schema: auth; Owner: supabase_auth_admin
--



--
-- Data for Name: sessions; Type: TABLE DATA; Schema: auth; Owner: supabase_auth_admin
--


--
-- Data for Name: mfa_amr_claims; Type: TABLE DATA; Schema: auth; Owner: supabase_auth_admin
--

INSERT INTO "auth"."mfa_amr_claims" ("session_id", "created_at", "updated_at", "authentication_method", "id") VALUES
	('b2cca2d5-79e3-4211-9783-60fdb43c1db2', '2025-10-20 01:30:44.336608+00', '2025-10-20 01:30:44.336608+00', 'password', '2fe8dbea-a782-4a59-bbba-a07a48e4188c');


--
-- Data for Name: mfa_factors; Type: TABLE DATA; Schema: auth; Owner: supabase_auth_admin
--



--
-- Data for Name: mfa_challenges; Type: TABLE DATA; Schema: auth; Owner: supabase_auth_admin
--



--
-- Data for Name: oauth_authorizations; Type: TABLE DATA; Schema: auth; Owner: supabase_auth_admin
--



--
-- Data for Name: oauth_consents; Type: TABLE DATA; Schema: auth; Owner: supabase_auth_admin
--



--
-- Data for Name: one_time_tokens; Type: TABLE DATA; Schema: auth; Owner: supabase_auth_admin
--



--
-- Data for Name: refresh_tokens; Type: TABLE DATA; Schema: auth; Owner: supabase_auth_admin
--

INSERT INTO "auth"."refresh_tokens" ("instance_id", "id", "token", "user_id", "revoked", "created_at", "updated_at", "parent", "session_id") VALUES
	('00000000-0000-0000-0000-000000000000', 10, 'i4yeyf7ehdha', 'ffa61251-d7a9-4044-92ae-bf0f65caeb4c', false, '2025-10-20 01:30:44.336135+00', '2025-10-20 01:30:44.336135+00', NULL, 'b2cca2d5-79e3-4211-9783-60fdb43c1db2');


--
-- Data for Name: sso_providers; Type: TABLE DATA; Schema: auth; Owner: supabase_auth_admin
--



--
-- Data for Name: saml_providers; Type: TABLE DATA; Schema: auth; Owner: supabase_auth_admin
--



--
-- Data for Name: saml_relay_states; Type: TABLE DATA; Schema: auth; Owner: supabase_auth_admin
--



--
-- Data for Name: sso_domains; Type: TABLE DATA; Schema: auth; Owner: supabase_auth_admin
--



--
-- Data for Name: connectors; Type: TABLE DATA; Schema: public; Owner: postgres
--

INSERT INTO "public"."connectors" ("id", "tenant_id", "provider", "display_name", "created_at", "updated_at") VALUES
	('01994ddf-c0f8-4dc9-9c73-cd63a11333f1', '1c5a22c7-ca7c-4db7-9509-d91aff15aee0', 'kintone', 'Kintone (funtoco)', '2025-10-05 06:45:24.13713+00', '2025-10-05 06:45:24.13713+00'),
	('a38e7649-f7e3-460f-9ee9-74ec27a229c1', '2eca3362-a925-455c-8542-35698084eabb', 'kintone', 'Kintone (funtoco)', '2025-10-06 07:52:18.051137+00', '2025-10-06 07:52:18.051137+00');


--
-- Data for Name: connection_status; Type: TABLE DATA; Schema: public; Owner: postgres
--

INSERT INTO "public"."connection_status" ("id", "connector_id", "status", "last_error", "updated_at") VALUES
	('8b0eb1d5-3ba0-45ce-ab11-8c671aabec80', '01994ddf-c0f8-4dc9-9c73-cd63a11333f1', 'connected', NULL, '2025-10-05 06:45:28.529+00'),
	('77867eb0-4f4a-4fe2-a4f0-bd07fcf0142a', 'a38e7649-f7e3-460f-9ee9-74ec27a229c1', 'connected', NULL, '2025-10-06 07:52:21.462+00');


--
-- Data for Name: connector_app_mappings; Type: TABLE DATA; Schema: public; Owner: postgres
--

INSERT INTO "public"."connector_app_mappings" ("id", "connector_id", "source_app_id", "source_app_name", "target_app_type", "is_active", "created_at", "updated_at", "skip_if_no_update_target") VALUES
	('1f91fd9b-37ea-4b3b-9f66-78a0d5d9b516', '01994ddf-c0f8-4dc9-9c73-cd63a11333f1', '13', 'Kintone app 13', 'people', true, '2025-10-05 06:47:37.74174+00', '2025-10-05 06:47:45.462378+00', false),
	('072e9120-19a5-4fd4-8ef0-722a9d9cedc5', '01994ddf-c0f8-4dc9-9c73-cd63a11333f1', '30', 'Kintone app 30', 'people', true, '2025-10-05 06:49:04.489284+00', '2025-10-05 06:49:10.688443+00', false),
	('1e6e930b-d84a-4b37-859e-39ba141c9677', 'a38e7649-f7e3-460f-9ee9-74ec27a229c1', '13', 'Kintone app 13', 'people', true, '2025-10-06 07:53:09.113871+00', '2025-10-06 07:53:14.740091+00', false),
	('06bb2e04-b838-4d9f-a850-3db680078883', 'a38e7649-f7e3-460f-9ee9-74ec27a229c1', '30', 'Kintone app 30', 'people', true, '2025-10-06 07:53:43.091056+00', '2025-10-06 07:53:46.504858+00', true),
	('d1cbc087-1620-4745-a8b0-7bc4594c1e69', '01994ddf-c0f8-4dc9-9c73-cd63a11333f1', '50', 'Kintone app 50', 'visas', true, '2025-10-20 01:36:21.854643+00', '2025-10-20 01:37:54.211156+00', false);


--
-- Data for Name: connector_app_filters; Type: TABLE DATA; Schema: public; Owner: postgres
--

INSERT INTO "public"."connector_app_filters" ("id", "connector_id", "app_mapping_id", "field_code", "field_name", "field_type", "filter_value", "is_active", "created_at", "updated_at") VALUES
	('cf522fa1-95c6-4bf0-85b0-ea8ea89409d8', '01994ddf-c0f8-4dc9-9c73-cd63a11333f1', '1f91fd9b-37ea-4b3b-9f66-78a0d5d9b516', 'COID', '法人ID', 'NUMBER', '2787', true, '2025-10-05 06:47:38.791029+00', '2025-10-05 06:47:38.791029+00'),
	('bc297a6f-836e-4c23-89e8-65dfbd607a6b', '01994ddf-c0f8-4dc9-9c73-cd63a11333f1', '072e9120-19a5-4fd4-8ef0-722a9d9cedc5', 'HRID', '人材ID', 'RECORD_NUMBER', '884', true, '2025-10-05 06:49:04.992907+00', '2025-10-05 06:49:04.992907+00'),
	('64db75f6-9915-419b-8451-50b76b1cd623', 'a38e7649-f7e3-460f-9ee9-74ec27a229c1', '1e6e930b-d84a-4b37-859e-39ba141c9677', 'COID', '法人ID', 'NUMBER', '2787', true, '2025-10-06 07:53:09.980193+00', '2025-10-06 07:53:09.980193+00'),
	('1d39ed33-ce21-4854-a159-05ca574fca5a', '01994ddf-c0f8-4dc9-9c73-cd63a11333f1', 'd1cbc087-1620-4745-a8b0-7bc4594c1e69', 'COID', '法人ID', 'NUMBER', '2787', true, '2025-10-20 01:36:22.734417+00', '2025-10-20 01:36:22.734417+00');


--
-- Data for Name: connector_field_mappings; Type: TABLE DATA; Schema: public; Owner: postgres
--

INSERT INTO "public"."connector_field_mappings" ("id", "connector_id", "app_mapping_id", "source_field_id", "source_field_code", "source_field_name", "source_field_type", "target_field_id", "target_field_code", "target_field_name", "target_field_type", "is_required", "is_active", "sort_order", "created_at", "updated_at", "is_update_key") VALUES
	('04cc6bef-388b-4c53-81a6-d4c9e38ca179', '01994ddf-c0f8-4dc9-9c73-cd63a11333f1', '1f91fd9b-37ea-4b3b-9f66-78a0d5d9b516', '$id', '$id', '$id', 'UNKNOWN', 'id', 'id', NULL, NULL, false, true, 0, '2025-10-05 06:47:38.464295+00', '2025-10-05 06:47:38.464295+00', true),
	('e86a7759-de49-457d-a546-739d270ecfe8', '01994ddf-c0f8-4dc9-9c73-cd63a11333f1', '1f91fd9b-37ea-4b3b-9f66-78a0d5d9b516', 'name', 'name', '人材名', 'SINGLE_LINE_TEXT', 'name', 'name', NULL, NULL, false, true, 1, '2025-10-05 06:47:38.464295+00', '2025-10-05 06:47:38.464295+00', false),
	('f7264665-1239-4110-9b17-fe38476cb442', '01994ddf-c0f8-4dc9-9c73-cd63a11333f1', '1f91fd9b-37ea-4b3b-9f66-78a0d5d9b516', 'furigana', 'furigana', '呼び名（フリガナ）', 'SINGLE_LINE_TEXT', 'kana', 'kana', NULL, NULL, false, true, 2, '2025-10-05 06:47:38.464295+00', '2025-10-05 06:47:38.464295+00', false),
	('d5c8783c-38c6-423d-8d64-2d080163e7f8', '01994ddf-c0f8-4dc9-9c73-cd63a11333f1', '1f91fd9b-37ea-4b3b-9f66-78a0d5d9b516', 'country', 'country', '国籍', 'DROP_DOWN', 'nationality', 'nationality', NULL, NULL, false, true, 3, '2025-10-05 06:47:38.464295+00', '2025-10-05 06:47:38.464295+00', false),
	('7c6914a9-ec26-4741-ad0b-885e066f4800', '01994ddf-c0f8-4dc9-9c73-cd63a11333f1', '1f91fd9b-37ea-4b3b-9f66-78a0d5d9b516', 'dateOfBirth', 'dateOfBirth', '生年月日', 'DATE', 'dob', 'dob', NULL, NULL, false, true, 4, '2025-10-05 06:47:38.464295+00', '2025-10-05 06:47:38.464295+00', false),
	('8d30b81a-010b-4f29-8b19-3a1ccce6352f', '01994ddf-c0f8-4dc9-9c73-cd63a11333f1', '1f91fd9b-37ea-4b3b-9f66-78a0d5d9b516', 'phoneNumber', 'phoneNumber', '電話番号', 'SINGLE_LINE_TEXT', 'phone', 'phone', NULL, NULL, false, true, 5, '2025-10-05 06:47:38.464295+00', '2025-10-05 06:47:38.464295+00', false),
	('e4b33b65-9601-45ae-bf0e-3ada849f213f', '01994ddf-c0f8-4dc9-9c73-cd63a11333f1', '1f91fd9b-37ea-4b3b-9f66-78a0d5d9b516', 'address', 'address', '住所', 'SINGLE_LINE_TEXT', 'address', 'address', NULL, NULL, false, true, 6, '2025-10-05 06:47:38.464295+00', '2025-10-05 06:47:38.464295+00', false),
	('7c7a2733-3034-4d0d-9986-6dcb17148213', '01994ddf-c0f8-4dc9-9c73-cd63a11333f1', '1f91fd9b-37ea-4b3b-9f66-78a0d5d9b516', 'workingStatus', 'workingStatus', '就労ステータス (営業のみ)', 'DROP_DOWN', 'working_status', 'working_status', NULL, NULL, false, true, 7, '2025-10-05 06:47:38.464295+00', '2025-10-05 06:47:38.464295+00', false),
	('4d516bd0-016a-4092-b3fb-52704cd77bd9', '01994ddf-c0f8-4dc9-9c73-cd63a11333f1', '1f91fd9b-37ea-4b3b-9f66-78a0d5d9b516', 'latestResidenceCardNo', 'latestResidenceCardNo', '在留カード番号', 'SINGLE_LINE_TEXT', 'residence_card_no', 'residence_card_no', NULL, NULL, false, true, 8, '2025-10-05 06:47:38.464295+00', '2025-10-05 06:47:38.464295+00', false),
	('c5c74c20-5173-4cff-a002-5f1a14cbce12', '01994ddf-c0f8-4dc9-9c73-cd63a11333f1', '1f91fd9b-37ea-4b3b-9f66-78a0d5d9b516', 'latestResidenceCardExpirationDate', 'latestResidenceCardExpirationDate', '在留期限', 'DATE', 'residence_card_issued_date', 'residence_card_issued_date', NULL, NULL, false, true, 9, '2025-10-05 06:47:38.464295+00', '2025-10-05 06:47:38.464295+00', false),
	('9b4c96e9-b535-4041-a321-d9c4b4dfad95', '01994ddf-c0f8-4dc9-9c73-cd63a11333f1', '1f91fd9b-37ea-4b3b-9f66-78a0d5d9b516', 'HRID', 'HRID', '人材ID', 'NUMBER', 'external_id', 'external_id', NULL, NULL, false, true, 10, '2025-10-05 06:47:38.464295+00', '2025-10-05 06:47:38.464295+00', false),
	('6b5a591a-91d8-49b7-a0ff-933983811777', '01994ddf-c0f8-4dc9-9c73-cd63a11333f1', '072e9120-19a5-4fd4-8ef0-722a9d9cedc5', '$id', '$id', '$id', 'UNKNOWN', 'external_id', 'external_id', NULL, NULL, false, true, 0, '2025-10-05 06:49:04.780548+00', '2025-10-05 06:49:04.780548+00', true),
	('829a0c4f-f5d5-446f-9f47-df31b17c4f04', '01994ddf-c0f8-4dc9-9c73-cd63a11333f1', '072e9120-19a5-4fd4-8ef0-722a9d9cedc5', 'image', 'image', '写真 (営業 / CA)', 'FILE', 'image_path', 'image_path', NULL, NULL, false, true, 1, '2025-10-05 06:49:04.780548+00', '2025-10-05 06:49:04.780548+00', false),
	('802953dd-d845-4ac9-a623-6e95f99d7434', 'a38e7649-f7e3-460f-9ee9-74ec27a229c1', '1e6e930b-d84a-4b37-859e-39ba141c9677', '$id', '$id', '$id', 'UNKNOWN', 'id', 'id', NULL, NULL, false, true, 0, '2025-10-06 07:53:09.666312+00', '2025-10-06 07:53:09.666312+00', true),
	('a4be10bb-986e-4fd0-9ccc-8a4f4ce21bd3', 'a38e7649-f7e3-460f-9ee9-74ec27a229c1', '1e6e930b-d84a-4b37-859e-39ba141c9677', 'name', 'name', '人材名', 'SINGLE_LINE_TEXT', 'name', 'name', NULL, NULL, false, true, 1, '2025-10-06 07:53:09.666312+00', '2025-10-06 07:53:09.666312+00', false),
	('fdcfc1f3-8455-4e26-b7d6-0e3d839e74e8', 'a38e7649-f7e3-460f-9ee9-74ec27a229c1', '1e6e930b-d84a-4b37-859e-39ba141c9677', 'HRID', 'HRID', '人材ID', 'NUMBER', 'external_id', 'external_id', NULL, NULL, false, true, 2, '2025-10-06 07:53:09.666312+00', '2025-10-06 07:53:09.666312+00', false),
	('908af110-c82a-40a7-b7ca-ad2ab61c3925', 'a38e7649-f7e3-460f-9ee9-74ec27a229c1', '06bb2e04-b838-4d9f-a850-3db680078883', '$id', '$id', '$id', 'UNKNOWN', 'external_id', 'external_id', NULL, NULL, false, true, 0, '2025-10-06 07:53:43.425491+00', '2025-10-06 07:53:43.425491+00', true),
	('65cb02e4-0a64-4381-b8a2-71ac08edf020', 'a38e7649-f7e3-460f-9ee9-74ec27a229c1', '06bb2e04-b838-4d9f-a850-3db680078883', 'image', 'image', '写真 (営業 / CA)', 'FILE', 'image_path', 'image_path', NULL, NULL, false, true, 1, '2025-10-06 07:53:43.425491+00', '2025-10-06 07:53:43.425491+00', false),
	('aa122d32-7984-4f14-9f93-b19c4d8832d4', '01994ddf-c0f8-4dc9-9c73-cd63a11333f1', 'd1cbc087-1620-4745-a8b0-7bc4594c1e69', '$id', '$id', '$id', 'UNKNOWN', 'id', 'id', NULL, NULL, false, true, 0, '2025-10-20 01:36:22.349654+00', '2025-10-20 01:36:22.349654+00', true),
	('59681a4c-230f-4b37-9e84-0f879a870bd3', '01994ddf-c0f8-4dc9-9c73-cd63a11333f1', 'd1cbc087-1620-4745-a8b0-7bc4594c1e69', 'WOID', 'WOID', '就労管理ID', 'NUMBER', 'person_id', 'person_id', NULL, NULL, false, true, 1, '2025-10-20 01:36:22.349654+00', '2025-10-20 01:36:22.349654+00', false),
	('dec04819-19c6-416c-80bd-8953fd5e305f', '01994ddf-c0f8-4dc9-9c73-cd63a11333f1', 'd1cbc087-1620-4745-a8b0-7bc4594c1e69', 'ステータス', 'ステータス', 'ステータス', 'STATUS', 'status', 'status', NULL, NULL, false, true, 2, '2025-10-20 01:36:22.349654+00', '2025-10-20 01:36:22.349654+00', false),
	('90ca0fa8-4489-4041-ad10-5e3869087360', '01994ddf-c0f8-4dc9-9c73-cd63a11333f1', 'd1cbc087-1620-4745-a8b0-7bc4594c1e69', 'requestType', 'requestType', '申請種類 (営業)', 'DROP_DOWN', 'type', 'type', NULL, NULL, false, true, 3, '2025-10-20 01:36:22.349654+00', '2025-10-20 01:36:22.349654+00', false),
	('87752aaf-6ce5-445d-b995-597a649df22a', '01994ddf-c0f8-4dc9-9c73-cd63a11333f1', 'd1cbc087-1620-4745-a8b0-7bc4594c1e69', 'latestResidenceCardExpirationDate', 'latestResidenceCardExpirationDate', '申請前：在留期限 (支援のみ)', 'DATE', 'expiry_date', 'expiry_date', NULL, NULL, false, true, 4, '2025-10-20 01:36:22.349654+00', '2025-10-20 01:36:22.349654+00', false),
	('ff7cc3eb-ce6c-4dde-9195-653e27fff3c8', '01994ddf-c0f8-4dc9-9c73-cd63a11333f1', 'd1cbc087-1620-4745-a8b0-7bc4594c1e69', '更新日時', '更新日時', '更新日時', 'UPDATED_TIME', 'submitted_at', 'submitted_at', NULL, NULL, false, true, 5, '2025-10-20 01:36:22.349654+00', '2025-10-20 01:36:22.349654+00', false);


--
-- Data for Name: credentials; Type: TABLE DATA; Schema: public; Owner: postgres
--

INSERT INTO "public"."credentials" ("id", "connector_id", "type", "payload_encrypted", "created_at", "updated_at", "format", "payload") VALUES
	('a6e09afb-5a2f-4d65-8c8b-15568e924a4d', '01994ddf-c0f8-4dc9-9c73-cd63a11333f1', 'kintone_config', NULL, '2025-10-05 06:45:24.142782+00', '2025-10-05 06:45:24.142782+00', 'plain', '{"domain":"https://funtoco.cybozu.com","clientId":"l.1.sjxcgeg6zxdo1i267m57ss4r8gzti2go","clientSecret":"max0pn4pwxxhun6rh7z76dv7360ai7dkz9fqg9nu07l9tk7n55z7jntnk4ko5alw","scope":["k:app_record:read","k:app_settings:read"]}'),
	('5319af36-b308-4499-8fbc-95d0d56e638a', 'a38e7649-f7e3-460f-9ee9-74ec27a229c1', 'kintone_config', NULL, '2025-10-06 07:52:18.058423+00', '2025-10-06 07:52:18.058423+00', 'plain', '{"domain":"https://funtoco.cybozu.com","clientId":"l.1.sjxcgeg6zxdo1i267m57ss4r8gzti2go","clientSecret":"max0pn4pwxxhun6rh7z76dv7360ai7dkz9fqg9nu07l9tk7n55z7jntnk4ko5alw","scope":["k:app_record:read","k:app_settings:read"]}'),
	('9adca7ce-84b0-444d-b102-ada0f69d7786', 'a38e7649-f7e3-460f-9ee9-74ec27a229c1', 'kintone_token', NULL, '2025-10-06 07:52:21.46895+00', '2025-10-06 07:52:26.316+00', NULL, '{"access_token":"1.t9UE8hEDfJt3S2yjtUGDbBxwdZ0jq-yT6WE_ApvPUD6aLaK2","refresh_token":"1.dfx43uV1NZ7-YPCbUeeM_6LZX5RmJ5ur5Ik-kabUjka0hRoZ","expires_at":1759740746311,"scope":"k:app_record:read k:app_settings:read k:file:read"}'),
	('af90e1ee-5ef7-49c8-a0ea-7f8b51f690c8', '01994ddf-c0f8-4dc9-9c73-cd63a11333f1', 'kintone_token', NULL, '2025-10-05 06:45:27.899137+00', '2025-10-20 01:33:24.543+00', NULL, '{"access_token":"1.Zm8ioX7YGQ-yaPkX_OoovB57HqKPlCAF0beOsNtbf0Ut1vq0","refresh_token":"1.Y8RnIXFE3aDEZUm4wD1yhm92q-V-oP9IqK7Lx-SdajbRgDae","expires_at":1760927604543,"scope":"k:app_record:read k:app_settings:read k:file:read"}');


--
-- Data for Name: data_mappings; Type: TABLE DATA; Schema: public; Owner: postgres
--

INSERT INTO "public"."data_mappings" ("id", "app_mapping_id", "field_name", "field_type", "is_active", "created_at", "updated_at") VALUES
	('02bf98a6-cce5-4075-9504-d4f88b25274a', 'd1cbc087-1620-4745-a8b0-7bc4594c1e69', 'status', 'string', true, '2025-10-20 01:38:03.820037+00', '2025-10-20 01:38:03.820037+00');


--
-- Data for Name: field_value_mappings; Type: TABLE DATA; Schema: public; Owner: postgres
--

INSERT INTO "public"."field_value_mappings" ("id", "data_mapping_id", "source_value", "target_value", "is_active", "sort_order", "created_at", "updated_at") VALUES
	('2b37e179-493e-4c61-af51-554f5a29aeb9', '02bf98a6-cce5-4075-9504-d4f88b25274a', '営業_企業情報待ち', '書類準備中', true, 0, '2025-10-20 01:39:09.765778+00', '2025-10-20 01:39:09.765778+00'),
	('70f46135-1b98-46f4-b89f-f32b389d5680', '02bf98a6-cce5-4075-9504-d4f88b25274a', '新規_企業情報待ち', '書類準備中', true, 1, '2025-10-20 01:39:09.765778+00', '2025-10-20 01:39:09.765778+00'),
	('558ae31c-fe36-4d44-9055-0451be33ec3b', '02bf98a6-cce5-4075-9504-d4f88b25274a', '既存_企業情報待ち', '書類準備中', true, 2, '2025-10-20 01:39:09.765778+00', '2025-10-20 01:39:09.765778+00'),
	('848301f2-2fa2-4551-ac0e-f3dbae018e89', '02bf98a6-cce5-4075-9504-d4f88b25274a', '支援_更新案内・人材情報更新待ち', '書類準備中', true, 3, '2025-10-20 01:39:09.765778+00', '2025-10-20 01:39:09.765778+00'),
	('1e906efb-f396-47a6-8ebd-767060c58eca', '02bf98a6-cce5-4075-9504-d4f88b25274a', 'OP_企業書類作成中', '書類作成中', true, 0, '2025-10-20 01:39:09.765778+00', '2025-10-20 01:39:09.765778+00'),
	('99746b39-c552-4417-a2d1-3093b588d423', '02bf98a6-cce5-4075-9504-d4f88b25274a', '営業_企業に確認してください', '書類確認中', true, 0, '2025-10-20 01:39:09.765778+00', '2025-10-20 01:39:09.765778+00'),
	('45b9a116-cade-45a7-8cd6-75297a7b5c34', '02bf98a6-cce5-4075-9504-d4f88b25274a', '新規_企業に確認してください', '書類確認中', true, 1, '2025-10-20 01:39:09.765778+00', '2025-10-20 01:39:09.765778+00'),
	('5a296076-2cc9-4ed2-9572-6d9b12408645', '02bf98a6-cce5-4075-9504-d4f88b25274a', '既存_企業に確認してください', '書類確認中', true, 2, '2025-10-20 01:39:09.765778+00', '2025-10-20 01:39:09.765778+00'),
	('9bf83890-fcca-44de-8c6e-6d5061274d6c', '02bf98a6-cce5-4075-9504-d4f88b25274a', 'OP_企業に確認してください', '書類確認中', true, 3, '2025-10-20 01:39:09.765778+00', '2025-10-20 01:39:09.765778+00'),
	('fc25741e-2262-45a4-b065-21cde1693eb3', '02bf98a6-cce5-4075-9504-d4f88b25274a', '新規_企業_書類確認待ち', '書類確認中', true, 4, '2025-10-20 01:39:09.765778+00', '2025-10-20 01:39:09.765778+00'),
	('900b7362-598f-49fe-9eb9-c7d46baed8d7', '02bf98a6-cce5-4075-9504-d4f88b25274a', '既存_企業_書類確認待ち', '書類確認中', true, 5, '2025-10-20 01:39:09.765778+00', '2025-10-20 01:39:09.765778+00'),
	('12a85320-4c89-4128-ac54-0de2fd4c8110', '02bf98a6-cce5-4075-9504-d4f88b25274a', '企業_書類確認待ち（新規）', '書類確認中', true, 6, '2025-10-20 01:39:09.765778+00', '2025-10-20 01:39:09.765778+00'),
	('9ed86d52-24fb-4931-98e0-6a6c4f0d925b', '02bf98a6-cce5-4075-9504-d4f88b25274a', '企業_書類確認待ち（更新）', '書類確認中', true, 7, '2025-10-20 01:39:09.765778+00', '2025-10-20 01:39:09.765778+00'),
	('4d44611d-a8bf-4d5c-9159-febdb88e775c', '02bf98a6-cce5-4075-9504-d4f88b25274a', 'OP_書類修正中', '書類確認中', true, 8, '2025-10-20 01:39:09.765778+00', '2025-10-20 01:39:09.765778+00'),
	('06b06dd7-41ca-4e89-8917-4f4fb4c9bb4b', '02bf98a6-cce5-4075-9504-d4f88b25274a', 'OP_押印書類送付準備中', '申請準備中', true, 0, '2025-10-20 01:39:09.765778+00', '2025-10-20 01:39:09.765778+00'),
	('d81741f1-5cc3-4c32-bc13-a909d9c4a0f6', '02bf98a6-cce5-4075-9504-d4f88b25274a', 'OP_押印書類受取待ち', '申請準備中', true, 1, '2025-10-20 01:39:09.765778+00', '2025-10-20 01:39:09.765778+00'),
	('66bcadd0-3b51-4565-8563-9b0296618e78', '02bf98a6-cce5-4075-9504-d4f88b25274a', 'OP_申請人サイン書類準備中', '申請準備中', true, 2, '2025-10-20 01:39:09.765778+00', '2025-10-20 01:39:09.765778+00'),
	('ba53404b-1626-43d4-b30c-efc55fd43f25', '02bf98a6-cce5-4075-9504-d4f88b25274a', '支援_申請人サイン待ち', '申請準備中', true, 3, '2025-10-20 01:39:09.765778+00', '2025-10-20 01:39:09.765778+00'),
	('a4af71b8-9fa9-44a1-b6b0-b58c947d03f5', '02bf98a6-cce5-4075-9504-d4f88b25274a', 'OP_申請人サイン書類受取待ち', '申請準備中', true, 4, '2025-10-20 01:39:09.765778+00', '2025-10-20 01:39:09.765778+00'),
	('f40a899c-cd7a-4bc0-bbaa-0574c04ec275', '02bf98a6-cce5-4075-9504-d4f88b25274a', 'ビザ申請準備中', 'ビザ申請準備中', true, 0, '2025-10-20 01:39:09.765778+00', '2025-10-20 01:39:09.765778+00'),
	('11b6a3ad-b75e-4b3b-95ac-74f15e15df29', '02bf98a6-cce5-4075-9504-d4f88b25274a', 'ビザ申請待ち', 'ビザ申請準備中', true, 1, '2025-10-20 01:39:09.765778+00', '2025-10-20 01:39:09.765778+00'),
	('afb84f63-de59-43ca-8cba-65c2c86421d0', '02bf98a6-cce5-4075-9504-d4f88b25274a', '申請中', '申請中', true, 0, '2025-10-20 01:39:09.765778+00', '2025-10-20 01:39:09.765778+00'),
	('3ee926ce-5ceb-45e3-bfdd-9333892d5ddf', '02bf98a6-cce5-4075-9504-d4f88b25274a', '追加修正対応中', '(追加書類)', true, 0, '2025-10-20 01:39:09.765778+00', '2025-10-20 01:39:09.765778+00'),
	('d32fbdd2-cec0-4a47-a96e-40a18117c03a', '02bf98a6-cce5-4075-9504-d4f88b25274a', '許可', 'ビザ取得済み', true, 0, '2025-10-20 01:39:09.765778+00', '2025-10-20 01:39:09.765778+00');


--
-- Data for Name: tenants; Type: TABLE DATA; Schema: public; Owner: postgres
--

INSERT INTO "public"."tenants" ("id", "name", "slug", "description", "settings", "max_members", "created_at", "updated_at") VALUES
	('1c5a22c7-ca7c-4db7-9509-d91aff15aee0', '柏原マルタマフーズ株式会社', '', '柏原マルタマフーズ株式会社のテナント', '{}', 50, '2025-10-04 11:55:03.238967+00', '2025-10-04 11:55:03.238967+00'),
	('2eca3362-a925-455c-8542-35698084eabb', '滋賀マルタマフーズ株式会社', '2787', '滋賀マルタマフーズ株式会社', '{}', 50, '2025-10-06 07:52:02.619544+00', '2025-10-06 07:52:02.619544+00');


--
-- Data for Name: people; Type: TABLE DATA; Schema: public; Owner: postgres
--

INSERT INTO "public"."people" ("id", "name", "kana", "nationality", "dob", "phone", "email", "address", "company", "note", "visa_id", "created_at", "updated_at", "employee_number", "working_status", "specific_skill_field", "residence_card_no", "residence_card_expiry_date", "residence_card_issued_date", "tenant_id", "external_id", "image_path") VALUES
	('3046', 'THOKAR ANISH', NULL, NULL, NULL, NULL, NULL, NULL, NULL, NULL, NULL, '2025-10-06 07:54:40.609+00', '2025-10-06 07:54:40.976096+00', NULL, NULL, NULL, NULL, NULL, NULL, '2eca3362-a925-455c-8542-35698084eabb', '2114', '2eca3362-a925-455c-8542-35698084eabb/image/image_2114_1759737280849.=?UTF-8?B?44K544Kv44Oq44O844Oz44K344On44OD44OIIDIwMjQtMQ==?= =?UTF-8?B?Mi0yNCA5LjEzLjMyLnBuZw==?='),
	('506', 'BAL RUJIT', NULL, NULL, NULL, NULL, NULL, NULL, NULL, NULL, NULL, '2025-10-06 07:54:06.35+00', '2025-10-06 07:54:06.540792+00', NULL, NULL, NULL, NULL, NULL, NULL, '2eca3362-a925-455c-8542-35698084eabb', '863', '2eca3362-a925-455c-8542-35698084eabb/image/image_863_1759737246496.png'),
	('507', 'TAMANG RAJU', NULL, NULL, NULL, NULL, NULL, NULL, NULL, NULL, NULL, '2025-10-06 07:54:06.543+00', '2025-10-06 07:54:06.785199+00', NULL, NULL, NULL, NULL, NULL, NULL, '2eca3362-a925-455c-8542-35698084eabb', '864', '2eca3362-a925-455c-8542-35698084eabb/image/image_864_1759737246746.png'),
	('509', 'BHANDARI OBARAM', NULL, NULL, NULL, NULL, NULL, NULL, NULL, NULL, NULL, '2025-10-06 07:54:07.027+00', '2025-10-06 07:54:07.191182+00', NULL, NULL, NULL, NULL, NULL, NULL, '2eca3362-a925-455c-8542-35698084eabb', '866', '2eca3362-a925-455c-8542-35698084eabb/image/image_866_1759737247157.png'),
	('511', 'KUNWAR ROSHAN', NULL, NULL, NULL, NULL, NULL, NULL, NULL, NULL, NULL, '2025-10-06 07:54:07.399+00', '2025-10-06 07:54:07.602831+00', NULL, NULL, NULL, NULL, NULL, NULL, '2eca3362-a925-455c-8542-35698084eabb', '868', '2eca3362-a925-455c-8542-35698084eabb/image/image_868_1759737247566.png'),
	('513', 'BHANDARI LAXMAN', NULL, NULL, NULL, NULL, NULL, NULL, NULL, NULL, NULL, '2025-10-06 07:54:07.83+00', '2025-10-06 07:54:08.006991+00', NULL, NULL, NULL, NULL, NULL, NULL, '2eca3362-a925-455c-8542-35698084eabb', '870', '2eca3362-a925-455c-8542-35698084eabb/image/image_870_1759737247970.png'),
	('515', 'BIKRAN BASNET', NULL, NULL, NULL, NULL, NULL, NULL, NULL, NULL, NULL, '2025-10-06 07:54:08.289+00', '2025-10-06 07:54:08.51212+00', NULL, NULL, NULL, NULL, NULL, NULL, '2eca3362-a925-455c-8542-35698084eabb', '872', '2eca3362-a925-455c-8542-35698084eabb/image/image_872_1759737248469.png'),
	('516', 'BHANDARI RAJ', NULL, NULL, NULL, NULL, NULL, NULL, NULL, NULL, NULL, '2025-10-06 07:54:08.518+00', '2025-10-06 07:54:08.73061+00', NULL, NULL, NULL, NULL, NULL, NULL, '2eca3362-a925-455c-8542-35698084eabb', '873', '2eca3362-a925-455c-8542-35698084eabb/image/image_873_1759737248693.png'),
	('518', 'PUN KRISHNA BAHADUR', NULL, NULL, NULL, NULL, NULL, NULL, NULL, NULL, NULL, '2025-10-06 07:54:08.915+00', '2025-10-06 07:54:09.104291+00', NULL, NULL, NULL, NULL, NULL, NULL, '2eca3362-a925-455c-8542-35698084eabb', '875', '2eca3362-a925-455c-8542-35698084eabb/image/image_875_1759737249063.png'),
	('520', 'THAPA DHAN BAHADUR', NULL, NULL, NULL, NULL, NULL, NULL, NULL, NULL, NULL, '2025-10-06 07:54:09.326+00', '2025-10-06 07:54:09.537599+00', NULL, NULL, NULL, NULL, NULL, NULL, '2eca3362-a925-455c-8542-35698084eabb', '877', '2eca3362-a925-455c-8542-35698084eabb/image/image_877_1759737249498.png'),
	('522', 'GC DAMODAR', NULL, NULL, NULL, NULL, NULL, NULL, NULL, NULL, NULL, '2025-10-06 07:54:09.732+00', '2025-10-06 07:54:09.927779+00', NULL, NULL, NULL, NULL, NULL, NULL, '2eca3362-a925-455c-8542-35698084eabb', '879', '2eca3362-a925-455c-8542-35698084eabb/image/image_879_1759737249881.png'),
	('524', 'KHADKA RAJESH', NULL, NULL, NULL, NULL, NULL, NULL, NULL, NULL, NULL, '2025-10-06 07:54:10.112+00', '2025-10-06 07:54:10.304567+00', NULL, NULL, NULL, NULL, NULL, NULL, '2eca3362-a925-455c-8542-35698084eabb', '881', '2eca3362-a925-455c-8542-35698084eabb/image/image_881_1759737250261.png'),
	('525', 'SHRESTHA DINESH', NULL, NULL, NULL, NULL, NULL, NULL, NULL, NULL, NULL, '2025-10-06 07:54:10.308+00', '2025-10-06 07:54:10.488522+00', NULL, NULL, NULL, NULL, NULL, NULL, '2eca3362-a925-455c-8542-35698084eabb', '882', '2eca3362-a925-455c-8542-35698084eabb/image/image_882_1759737250454.png'),
	('527', 'KHATRI SANJIB', NULL, NULL, NULL, NULL, NULL, NULL, NULL, NULL, NULL, '2025-10-06 07:54:10.663+00', '2025-10-06 07:54:10.853971+00', NULL, NULL, NULL, NULL, NULL, NULL, '2eca3362-a925-455c-8542-35698084eabb', '884', '2eca3362-a925-455c-8542-35698084eabb/image/image_884_1759737250820.png'),
	('1045', 'AUNG KO HTWE', NULL, NULL, NULL, NULL, NULL, NULL, NULL, NULL, NULL, '2025-10-06 07:54:12.936+00', '2025-10-06 07:54:13.138204+00', NULL, NULL, NULL, NULL, NULL, NULL, '2eca3362-a925-455c-8542-35698084eabb', '1099', '2eca3362-a925-455c-8542-35698084eabb/image/image_1099_1759737253101.png'),
	('1048', 'AUNG SOE NAING', NULL, NULL, NULL, NULL, NULL, NULL, NULL, NULL, NULL, '2025-10-06 07:54:13.344+00', '2025-10-06 07:54:13.517429+00', NULL, NULL, NULL, NULL, NULL, NULL, '2eca3362-a925-455c-8542-35698084eabb', '1102', '2eca3362-a925-455c-8542-35698084eabb/image/image_1102_1759737253480.png'),
	('1051', 'KYAW THURA', NULL, NULL, NULL, NULL, NULL, NULL, NULL, NULL, NULL, '2025-10-06 07:54:13.763+00', '2025-10-06 07:54:13.94955+00', NULL, NULL, NULL, NULL, NULL, NULL, '2eca3362-a925-455c-8542-35698084eabb', '1105', '2eca3362-a925-455c-8542-35698084eabb/image/image_1105_1759737253908.png'),
	('1054', 'MYO MIN THANT', NULL, NULL, NULL, NULL, NULL, NULL, NULL, NULL, NULL, '2025-10-06 07:54:14.171+00', '2025-10-06 07:54:14.373242+00', NULL, NULL, NULL, NULL, NULL, NULL, '2eca3362-a925-455c-8542-35698084eabb', '1108', '2eca3362-a925-455c-8542-35698084eabb/image/image_1108_1759737254308.png'),
	('1055', 'NAING LIN ZAW', NULL, NULL, NULL, NULL, NULL, NULL, NULL, NULL, NULL, '2025-10-06 07:54:14.393+00', '2025-10-06 07:54:14.638753+00', NULL, NULL, NULL, NULL, NULL, NULL, '2eca3362-a925-455c-8542-35698084eabb', '1109', '2eca3362-a925-455c-8542-35698084eabb/image/image_1109_1759737254598.png'),
	('1058', 'PHYO KHANT KYAW', NULL, NULL, NULL, NULL, NULL, NULL, NULL, NULL, NULL, '2025-10-06 07:54:14.87+00', '2025-10-06 07:54:15.116926+00', NULL, NULL, NULL, NULL, NULL, NULL, '2eca3362-a925-455c-8542-35698084eabb', '1112', '2eca3362-a925-455c-8542-35698084eabb/image/image_1112_1759737255081.png'),
	('1064', 'ZAW MIN OO', NULL, NULL, NULL, NULL, NULL, NULL, NULL, NULL, NULL, '2025-10-06 07:54:15.333+00', '2025-10-06 07:54:15.526623+00', NULL, NULL, NULL, NULL, NULL, NULL, '2eca3362-a925-455c-8542-35698084eabb', '1118', '2eca3362-a925-455c-8542-35698084eabb/image/image_1118_1759737255491.png'),
	('1069', 'YAR ZAR TUN', NULL, NULL, NULL, NULL, NULL, NULL, NULL, NULL, NULL, '2025-10-06 07:54:15.789+00', '2025-10-06 07:54:16.145665+00', NULL, NULL, NULL, NULL, NULL, NULL, '2eca3362-a925-455c-8542-35698084eabb', '1123', '2eca3362-a925-455c-8542-35698084eabb/image/image_1123_1759737256080.png'),
	('1071', 'NAY HTET LIN', NULL, NULL, NULL, NULL, NULL, NULL, NULL, NULL, NULL, '2025-10-06 07:54:16.217+00', '2025-10-06 07:54:16.48718+00', NULL, NULL, NULL, NULL, NULL, NULL, '2eca3362-a925-455c-8542-35698084eabb', '1125', '2eca3362-a925-455c-8542-35698084eabb/image/image_1125_1759737256452.png'),
	('1074', 'SOE MIN THU', NULL, NULL, NULL, NULL, NULL, NULL, NULL, NULL, NULL, '2025-10-06 07:54:16.697+00', '2025-10-06 07:54:16.875534+00', NULL, NULL, NULL, NULL, NULL, NULL, '2eca3362-a925-455c-8542-35698084eabb', '1128', '2eca3362-a925-455c-8542-35698084eabb/image/image_1128_1759737256840.png'),
	('1076', 'YE WUNNA HTUN', NULL, NULL, NULL, NULL, NULL, NULL, NULL, NULL, NULL, '2025-10-06 07:54:17.08+00', '2025-10-06 07:54:17.292318+00', NULL, NULL, NULL, NULL, NULL, NULL, '2eca3362-a925-455c-8542-35698084eabb', '1130', '2eca3362-a925-455c-8542-35698084eabb/image/image_1130_1759737257255.png'),
	('1096', 'MYO MIN HEIN', NULL, NULL, NULL, NULL, NULL, NULL, NULL, NULL, NULL, '2025-10-06 07:54:17.679+00', '2025-10-06 07:54:17.873007+00', NULL, NULL, NULL, NULL, NULL, NULL, '2eca3362-a925-455c-8542-35698084eabb', '1151', '2eca3362-a925-455c-8542-35698084eabb/image/image_1151_1759737257820.png'),
	('2683', 'KHANT ZAYAR WIN', NULL, NULL, NULL, NULL, NULL, NULL, NULL, NULL, NULL, '2025-10-06 07:54:28.196+00', '2025-10-06 07:54:28.546152+00', NULL, NULL, NULL, NULL, NULL, NULL, '2eca3362-a925-455c-8542-35698084eabb', '1714', '2eca3362-a925-455c-8542-35698084eabb/image/image_1714_1759737268465.png'),
	('2684', 'ZWE HTET NAING', NULL, NULL, NULL, NULL, NULL, NULL, NULL, NULL, NULL, '2025-10-06 07:54:28.556+00', '2025-10-06 07:54:28.821042+00', NULL, NULL, NULL, NULL, NULL, NULL, '2eca3362-a925-455c-8542-35698084eabb', '1715', '2eca3362-a925-455c-8542-35698084eabb/image/image_1715_1759737268778.png'),
	('2902', 'AUNG THET PAING HMUE', NULL, NULL, NULL, NULL, NULL, NULL, NULL, NULL, NULL, '2025-10-06 07:54:31.178+00', '2025-10-06 07:54:31.401393+00', NULL, NULL, NULL, NULL, NULL, NULL, '2eca3362-a925-455c-8542-35698084eabb', '1881', '2eca3362-a925-455c-8542-35698084eabb/image/image_1881_1759737271362.jpeg'),
	('2911', 'ZAR NI TUN', NULL, NULL, NULL, NULL, NULL, NULL, NULL, NULL, NULL, '2025-10-06 07:54:31.623+00', '2025-10-06 07:54:31.840668+00', NULL, NULL, NULL, NULL, NULL, NULL, '2eca3362-a925-455c-8542-35698084eabb', '1888', '2eca3362-a925-455c-8542-35698084eabb/image/image_1888_1759737271798.jpeg'),
	('2873', 'DHANUK DEBENDRA', NULL, NULL, NULL, NULL, NULL, NULL, NULL, NULL, NULL, '2025-10-06 07:54:32.339+00', '2025-10-06 07:54:32.540516+00', NULL, NULL, NULL, NULL, NULL, NULL, '2eca3362-a925-455c-8542-35698084eabb', '1894', '2eca3362-a925-455c-8542-35698084eabb/image/image_1894_1759737272472.=?UTF-8?B?44K544Kv44Oq44O844Oz44K344On44OD44OIIDIwMjQtMA==?= =?UTF-8?B?OS0yNCAxNi4xNS4zOC5wbmc=?='),
	('2876', 'TAMANG SHYAM', NULL, NULL, NULL, NULL, NULL, NULL, NULL, NULL, NULL, '2025-10-06 07:54:33.004+00', '2025-10-06 07:54:33.176786+00', NULL, NULL, NULL, NULL, NULL, NULL, '2eca3362-a925-455c-8542-35698084eabb', '1897', '2eca3362-a925-455c-8542-35698084eabb/image/image_1897_1759737273136.=?UTF-8?B?44K544Kv44Oq44O844Oz44K344On44OD44OIIDIwMjQtMA==?= =?UTF-8?B?OS0yNCAxNi4yMi4wMC5wbmc=?='),
	('2879', 'BOHARA HARISH', NULL, NULL, NULL, NULL, NULL, NULL, NULL, NULL, NULL, '2025-10-06 07:54:33.642+00', '2025-10-06 07:54:33.832311+00', NULL, NULL, NULL, NULL, NULL, NULL, '2eca3362-a925-455c-8542-35698084eabb', '1900', '2eca3362-a925-455c-8542-35698084eabb/image/image_1900_1759737273781.=?UTF-8?B?44K544Kv44Oq44O844Oz44K344On44OD44OIIDIwMjQtMA==?= =?UTF-8?B?OS0yNCAxNi4zMy41NC5wbmc=?='),
	('2881', 'LAMA NURBU', NULL, NULL, NULL, NULL, NULL, NULL, NULL, NULL, NULL, '2025-10-06 07:54:34.026+00', '2025-10-06 07:54:34.253829+00', NULL, NULL, NULL, NULL, NULL, NULL, '2eca3362-a925-455c-8542-35698084eabb', '1902', '2eca3362-a925-455c-8542-35698084eabb/image/image_1902_1759737274219.=?UTF-8?B?44K544Kv44Oq44O844Oz44K344On44OD44OIIDIwMjQtMA==?= =?UTF-8?B?OS0yNCAxNi40MS4wMC5wbmc=?='),
	('2885', 'SYANGTAN DIPENDRA', NULL, NULL, NULL, NULL, NULL, NULL, NULL, NULL, NULL, '2025-10-06 07:54:34.968+00', '2025-10-06 07:54:35.172975+00', NULL, NULL, NULL, NULL, NULL, NULL, '2eca3362-a925-455c-8542-35698084eabb', '1906', '2eca3362-a925-455c-8542-35698084eabb/image/image_1906_1759737275137.=?UTF-8?B?44K544Kv44Oq44O844Oz44K344On44OD44OIIDIwMjQtMA==?= =?UTF-8?B?OS0yNCAxNi40Ny4zNy5wbmc=?='),
	('2887', 'SHERPA NGIMA ', NULL, NULL, NULL, NULL, NULL, NULL, NULL, NULL, NULL, '2025-10-06 07:54:35.42+00', '2025-10-06 07:54:35.791076+00', NULL, NULL, NULL, NULL, NULL, NULL, '2eca3362-a925-455c-8542-35698084eabb', '1908', '2eca3362-a925-455c-8542-35698084eabb/image/image_1908_1759737275752.=?UTF-8?B?44K544Kv44Oq44O844Oz44K344On44OD44OIIDIwMjQtMA==?= =?UTF-8?B?OS0yNCAxNi41NC4xOS5wbmc=?='),
	('2892', 'AUNG CHAN PHYO', NULL, NULL, NULL, NULL, NULL, NULL, NULL, NULL, NULL, '2025-10-06 07:54:36.256+00', '2025-10-06 07:54:36.451959+00', NULL, NULL, NULL, NULL, NULL, NULL, '2eca3362-a925-455c-8542-35698084eabb', '1913', '2eca3362-a925-455c-8542-35698084eabb/image/image_1913_1759737276416.=?UTF-8?B?44K544Kv44Oq44O844Oz44K344On44OD44OIIDIwMjQtMA==?= =?UTF-8?B?OS0yNCAxNy4wOC4yNC5wbmc=?='),
	('2895', 'WAI PHYO AUNG', NULL, NULL, NULL, NULL, NULL, NULL, NULL, NULL, NULL, '2025-10-06 07:54:36.829+00', '2025-10-06 07:54:37.006474+00', NULL, NULL, NULL, NULL, NULL, NULL, '2eca3362-a925-455c-8542-35698084eabb', '1916', '2eca3362-a925-455c-8542-35698084eabb/image/image_1916_1759737276969.=?UTF-8?B?44K544Kv44Oq44O844Oz44K344On44OD44OIIDIwMjQtMA==?= =?UTF-8?B?OS0yNCAxNy4xMy40OS5wbmc=?='),
	('2912', 'NEPALI LOKENDRA ', NULL, NULL, NULL, NULL, NULL, NULL, NULL, NULL, NULL, '2025-10-06 07:54:37.609+00', '2025-10-06 07:54:37.817298+00', NULL, NULL, NULL, NULL, NULL, NULL, '2eca3362-a925-455c-8542-35698084eabb', '1932', '2eca3362-a925-455c-8542-35698084eabb/image/image_1932_1759737277780.jpeg'),
	('3235', 'AUNG MYAT NOE WIN', NULL, NULL, NULL, NULL, NULL, NULL, NULL, NULL, NULL, '2025-10-06 07:54:41.934+00', '2025-10-06 07:54:42.21063+00', NULL, NULL, NULL, NULL, NULL, NULL, '2eca3362-a925-455c-8542-35698084eabb', '2157', '2eca3362-a925-455c-8542-35698084eabb/image/image_2157_1759737282178.jpeg'),
	('504', 'BHUJEL SURYA BAHADUR', NULL, NULL, NULL, NULL, NULL, NULL, NULL, NULL, NULL, '2025-10-06 07:54:05.775+00', '2025-10-06 07:54:06.09528+00', NULL, NULL, NULL, NULL, NULL, NULL, '2eca3362-a925-455c-8542-35698084eabb', '861', '2eca3362-a925-455c-8542-35698084eabb/image/image_861_1759737245979.png'),
	('505', 'SHERPA SUVASH', NULL, NULL, NULL, NULL, NULL, NULL, NULL, NULL, NULL, '2025-10-06 07:54:06.098+00', '2025-10-06 07:54:06.344283+00', NULL, NULL, NULL, NULL, NULL, NULL, '2eca3362-a925-455c-8542-35698084eabb', '862', '2eca3362-a925-455c-8542-35698084eabb/image/image_862_1759737246294.png'),
	('508', 'THAPA DIPAK', NULL, NULL, NULL, NULL, NULL, NULL, NULL, NULL, NULL, '2025-10-06 07:54:06.793+00', '2025-10-06 07:54:07.013098+00', NULL, NULL, NULL, NULL, NULL, NULL, '2eca3362-a925-455c-8542-35698084eabb', '865', '2eca3362-a925-455c-8542-35698084eabb/image/image_865_1759737246972.png'),
	('510', 'SHERPA ANG DAMI', NULL, NULL, NULL, NULL, NULL, NULL, NULL, NULL, NULL, '2025-10-06 07:54:07.193+00', '2025-10-06 07:54:07.393674+00', NULL, NULL, NULL, NULL, NULL, NULL, '2eca3362-a925-455c-8542-35698084eabb', '867', '2eca3362-a925-455c-8542-35698084eabb/image/image_867_1759737247355.png'),
	('512', 'GAUCHAN ROSHAN', NULL, NULL, NULL, NULL, NULL, NULL, NULL, NULL, NULL, '2025-10-06 07:54:07.611+00', '2025-10-06 07:54:07.827475+00', NULL, NULL, NULL, NULL, NULL, NULL, '2eca3362-a925-455c-8542-35698084eabb', '869', '2eca3362-a925-455c-8542-35698084eabb/image/image_869_1759737247787.png'),
	('514', 'ASHIM KHADKA', NULL, NULL, NULL, NULL, NULL, NULL, NULL, NULL, NULL, '2025-10-06 07:54:08.011+00', '2025-10-06 07:54:08.28113+00', NULL, NULL, NULL, NULL, NULL, NULL, '2eca3362-a925-455c-8542-35698084eabb', '871', '2eca3362-a925-455c-8542-35698084eabb/image/image_871_1759737248242.png'),
	('517', 'MAGAR SURESH', NULL, NULL, NULL, NULL, NULL, NULL, NULL, NULL, NULL, '2025-10-06 07:54:08.736+00', '2025-10-06 07:54:08.914038+00', NULL, NULL, NULL, NULL, NULL, NULL, '2eca3362-a925-455c-8542-35698084eabb', '874', '2eca3362-a925-455c-8542-35698084eabb/image/image_874_1759737248872.png'),
	('519', 'THING RAJ KUMAR', NULL, NULL, NULL, NULL, NULL, NULL, NULL, NULL, NULL, '2025-10-06 07:54:09.112+00', '2025-10-06 07:54:09.323377+00', NULL, NULL, NULL, NULL, NULL, NULL, '2eca3362-a925-455c-8542-35698084eabb', '876', '2eca3362-a925-455c-8542-35698084eabb/image/image_876_1759737249290.png'),
	('521', 'BAL KARAN', NULL, NULL, NULL, NULL, NULL, NULL, NULL, NULL, NULL, '2025-10-06 07:54:09.541+00', '2025-10-06 07:54:09.730596+00', NULL, NULL, NULL, NULL, NULL, NULL, '2eca3362-a925-455c-8542-35698084eabb', '878', '2eca3362-a925-455c-8542-35698084eabb/image/image_878_1759737249694.png'),
	('523', 'BASKOTA NAKUL', NULL, NULL, NULL, NULL, NULL, NULL, NULL, NULL, NULL, '2025-10-06 07:54:09.932+00', '2025-10-06 07:54:10.108389+00', NULL, NULL, NULL, NULL, NULL, NULL, '2eca3362-a925-455c-8542-35698084eabb', '880', '2eca3362-a925-455c-8542-35698084eabb/image/image_880_1759737250069.png'),
	('526', 'GOLE BIKMAN', NULL, NULL, NULL, NULL, NULL, NULL, NULL, NULL, NULL, '2025-10-06 07:54:10.492+00', '2025-10-06 07:54:10.661802+00', NULL, NULL, NULL, NULL, NULL, NULL, '2eca3362-a925-455c-8542-35698084eabb', '883', '2eca3362-a925-455c-8542-35698084eabb/image/image_883_1759737250623.png'),
	('1043', 'TIN MYO WIN', NULL, NULL, NULL, NULL, NULL, NULL, NULL, NULL, NULL, '2025-10-06 07:54:12.725+00', '2025-10-06 07:54:12.922481+00', NULL, NULL, NULL, NULL, NULL, NULL, '2eca3362-a925-455c-8542-35698084eabb', '1097', '2eca3362-a925-455c-8542-35698084eabb/image/image_1097_1759737252889.png'),
	('1046', 'AUNG KO ZIN', NULL, NULL, NULL, NULL, NULL, NULL, NULL, NULL, NULL, '2025-10-06 07:54:13.147+00', '2025-10-06 07:54:13.323829+00', NULL, NULL, NULL, NULL, NULL, NULL, '2eca3362-a925-455c-8542-35698084eabb', '1100', '2eca3362-a925-455c-8542-35698084eabb/image/image_1100_1759737253288.png'),
	('1049', 'CHAN MIN TUN', NULL, NULL, NULL, NULL, NULL, NULL, NULL, NULL, NULL, '2025-10-06 07:54:13.525+00', '2025-10-06 07:54:13.739894+00', NULL, NULL, NULL, NULL, NULL, NULL, '2eca3362-a925-455c-8542-35698084eabb', '1103', '2eca3362-a925-455c-8542-35698084eabb/image/image_1103_1759737253704.png'),
	('1052', 'MIN THU KHAING', NULL, NULL, NULL, NULL, NULL, NULL, NULL, NULL, NULL, '2025-10-06 07:54:13.956+00', '2025-10-06 07:54:14.154257+00', NULL, NULL, NULL, NULL, NULL, NULL, '2eca3362-a925-455c-8542-35698084eabb', '1106', '2eca3362-a925-455c-8542-35698084eabb/image/image_1106_1759737254120.png'),
	('1056', 'NYEIN CHAN PHYO', NULL, NULL, NULL, NULL, NULL, NULL, NULL, NULL, NULL, '2025-10-06 07:54:14.644+00', '2025-10-06 07:54:14.843078+00', NULL, NULL, NULL, NULL, NULL, NULL, '2eca3362-a925-455c-8542-35698084eabb', '1110', '2eca3362-a925-455c-8542-35698084eabb/image/image_1110_1759737254809.png'),
	('1061', 'THAW ZIN AUNG', NULL, NULL, NULL, NULL, NULL, NULL, NULL, NULL, NULL, '2025-10-06 07:54:15.147+00', '2025-10-06 07:54:15.305471+00', NULL, NULL, NULL, NULL, NULL, NULL, '2eca3362-a925-455c-8542-35698084eabb', '1115', '2eca3362-a925-455c-8542-35698084eabb/image/image_1115_1759737255271.png'),
	('1067', 'PHYO HAN KYAW', NULL, NULL, NULL, NULL, NULL, NULL, NULL, NULL, NULL, '2025-10-06 07:54:15.556+00', '2025-10-06 07:54:15.771707+00', NULL, NULL, NULL, NULL, NULL, NULL, '2eca3362-a925-455c-8542-35698084eabb', '1121', '2eca3362-a925-455c-8542-35698084eabb/image/image_1121_1759737255736.png'),
	('1073', 'YE HTUT SOE', NULL, NULL, NULL, NULL, NULL, NULL, NULL, NULL, NULL, '2025-10-06 07:54:16.5+00', '2025-10-06 07:54:16.699093+00', NULL, NULL, NULL, NULL, NULL, NULL, '2eca3362-a925-455c-8542-35698084eabb', '1127', '2eca3362-a925-455c-8542-35698084eabb/image/image_1127_1759737256669.png'),
	('1129', 'WAI YAN HTAY', NULL, NULL, NULL, NULL, NULL, NULL, NULL, NULL, NULL, '2025-10-06 07:54:16.882+00', '2025-10-06 07:54:17.071983+00', NULL, NULL, NULL, NULL, NULL, NULL, '2eca3362-a925-455c-8542-35698084eabb', '1129', '2eca3362-a925-455c-8542-35698084eabb/image/image_1129_1759737257038.png'),
	('1094', 'OAK SOE HTUT', NULL, NULL, NULL, NULL, NULL, NULL, NULL, NULL, NULL, '2025-10-06 07:54:17.493+00', '2025-10-06 07:54:17.663948+00', NULL, NULL, NULL, NULL, NULL, NULL, '2eca3362-a925-455c-8542-35698084eabb', '1149', '2eca3362-a925-455c-8542-35698084eabb/image/image_1149_1759737257630.png'),
	('2682', 'NYO MIN KHANT', NULL, NULL, NULL, NULL, NULL, NULL, NULL, NULL, NULL, '2025-10-06 07:54:27.824+00', '2025-10-06 07:54:28.18853+00', NULL, NULL, NULL, NULL, NULL, NULL, '2eca3362-a925-455c-8542-35698084eabb', '1713', '2eca3362-a925-455c-8542-35698084eabb/image/image_1713_1759737268093.png'),
	('2685', 'MIN HTUN', NULL, NULL, NULL, NULL, NULL, NULL, NULL, NULL, NULL, '2025-10-06 07:54:28.827+00', '2025-10-06 07:54:29.10385+00', NULL, NULL, NULL, NULL, NULL, NULL, '2eca3362-a925-455c-8542-35698084eabb', '1716', '2eca3362-a925-455c-8542-35698084eabb/image/image_1716_1759737269036.png'),
	('3152', 'THAPA DEEPAK', NULL, NULL, NULL, NULL, NULL, NULL, NULL, NULL, NULL, '2025-10-06 07:54:43.609+00', '2025-10-06 07:54:43.783677+00', NULL, NULL, NULL, NULL, NULL, NULL, '2eca3362-a925-455c-8542-35698084eabb', '2271', '2eca3362-a925-455c-8542-35698084eabb/image/image_2271_1759737283749.jpeg'),
	('3153', 'BHANDARI DIPAK', NULL, NULL, NULL, NULL, NULL, NULL, NULL, NULL, NULL, '2025-10-06 07:54:43.782+00', '2025-10-06 07:54:44.005783+00', NULL, NULL, NULL, NULL, NULL, NULL, '2eca3362-a925-455c-8542-35698084eabb', '2272', '2eca3362-a925-455c-8542-35698084eabb/image/image_2272_1759737283970.jpeg'),
	('3412', 'SALIK RAM ACHARYA', NULL, NULL, NULL, NULL, NULL, NULL, NULL, NULL, NULL, '2025-10-06 07:54:45.615+00', '2025-10-06 07:54:45.816895+00', NULL, NULL, NULL, NULL, NULL, NULL, '2eca3362-a925-455c-8542-35698084eabb', '2372', '2eca3362-a925-455c-8542-35698084eabb/image/image_2372_1759737285785.jpg'),
	('3246', 'SAPKOTA KRISHAL', NULL, NULL, NULL, NULL, NULL, NULL, NULL, NULL, NULL, '2025-10-06 07:54:46.734+00', '2025-10-06 07:54:46.924475+00', NULL, NULL, NULL, NULL, NULL, NULL, '2eca3362-a925-455c-8542-35698084eabb', '2430', '2eca3362-a925-455c-8542-35698084eabb/image/image_2430_1759737286886.=?UTF-8?B?44K544Kv44Oq44O844Oz44K344On44OD44OIIDIwMjUtMA==?= =?UTF-8?B?NS0xNiAxNy4yMS41MS5wbmc=?='),
	('3249', 'DANGI RAM', NULL, NULL, NULL, NULL, NULL, NULL, NULL, NULL, NULL, '2025-10-06 07:54:47.334+00', '2025-10-06 07:54:47.619543+00', NULL, NULL, NULL, NULL, NULL, NULL, '2eca3362-a925-455c-8542-35698084eabb', '2433', '2eca3362-a925-455c-8542-35698084eabb/image/image_2433_1759737287584.=?UTF-8?B?44K544Kv44Oq44O844Oz44K344On44OD44OIIDIwMjUtMA==?= =?UTF-8?B?NS0xNiAxNy4zNC4wMC5wbmc=?='),
	('3410', 'HTOO NAW LINN', NULL, NULL, NULL, NULL, NULL, NULL, NULL, NULL, NULL, '2025-10-06 07:54:49.138+00', '2025-10-06 07:54:49.590819+00', NULL, NULL, NULL, NULL, NULL, NULL, '2eca3362-a925-455c-8542-35698084eabb', '2574', '2eca3362-a925-455c-8542-35698084eabb/image/image_2574_1759737289546.jpg'),
	('3411', 'ADHIKARI ALISHA', NULL, NULL, NULL, NULL, NULL, NULL, NULL, NULL, NULL, '2025-10-06 07:54:50.458+00', '2025-10-06 07:54:50.723879+00', NULL, NULL, NULL, NULL, NULL, NULL, '2eca3362-a925-455c-8542-35698084eabb', '2620', '2eca3362-a925-455c-8542-35698084eabb/image/image_2620_1759737290675.jpeg'),
	('3413', 'BHANDARI LILADHAR', NULL, NULL, NULL, NULL, NULL, NULL, NULL, NULL, NULL, '2025-10-06 07:54:50.978+00', '2025-10-06 07:54:51.187417+00', NULL, NULL, NULL, NULL, NULL, NULL, '2eca3362-a925-455c-8542-35698084eabb', '2626', '2eca3362-a925-455c-8542-35698084eabb/image/image_2626_1759737291150.jpeg'),
	('3510', 'KYI KYI ZAW', NULL, NULL, NULL, NULL, NULL, NULL, NULL, NULL, NULL, '2025-10-06 07:54:51.621+00', '2025-10-06 07:54:51.955653+00', NULL, NULL, NULL, NULL, NULL, NULL, '2eca3362-a925-455c-8542-35698084eabb', '2642', '2eca3362-a925-455c-8542-35698084eabb/image/image_2642_1759737291894.jpg'),
	('3508', 'WINT WAH NAING', NULL, NULL, NULL, NULL, NULL, NULL, NULL, NULL, NULL, '2025-10-06 07:54:52.059+00', '2025-10-06 07:54:52.258198+00', NULL, NULL, NULL, NULL, NULL, NULL, '2eca3362-a925-455c-8542-35698084eabb', '2651', '2eca3362-a925-455c-8542-35698084eabb/image/image_2651_1759737292222.jpg'),
	('3514', 'SINGH SAROJ KUMAR ', NULL, NULL, NULL, NULL, NULL, NULL, NULL, NULL, NULL, '2025-10-06 07:54:52.753+00', '2025-10-06 07:54:53.027305+00', NULL, NULL, NULL, NULL, NULL, NULL, '2eca3362-a925-455c-8542-35698084eabb', '2662', '2eca3362-a925-455c-8542-35698084eabb/image/image_2662_1759737292990.jpg'),
	('3526', 'THARU PRABIN', NULL, NULL, NULL, NULL, NULL, NULL, NULL, NULL, NULL, '2025-10-06 07:54:53.487+00', '2025-10-06 07:54:53.67125+00', NULL, NULL, NULL, NULL, NULL, NULL, '2eca3362-a925-455c-8542-35698084eabb', '2675', '2eca3362-a925-455c-8542-35698084eabb/image/image_2675_1759737293637.jpeg'),
	('3530', 'BOKATI MUKESH BAHADUR', NULL, NULL, NULL, NULL, NULL, NULL, NULL, NULL, NULL, '2025-10-06 07:54:54.205+00', '2025-10-06 07:54:54.403753+00', NULL, NULL, NULL, NULL, NULL, NULL, '2eca3362-a925-455c-8542-35698084eabb', '2688', '2eca3362-a925-455c-8542-35698084eabb/image/image_2688_1759737294364.=?UTF-8?B?44K544Kv44Oq44O844Oz44K344On44OD44OIIDIwMjUtMA==?= =?UTF-8?B?OS0yOSAxNi4wNS41Ny5wbmc=?='),
	('3534', 'GURUNG MANISH', NULL, NULL, NULL, NULL, NULL, NULL, NULL, NULL, NULL, '2025-10-06 07:54:54.676+00', '2025-10-06 07:54:54.894814+00', NULL, NULL, NULL, NULL, NULL, NULL, '2eca3362-a925-455c-8542-35698084eabb', '2691', '2eca3362-a925-455c-8542-35698084eabb/image/image_2691_1759737294858.=?UTF-8?B?44K544Kv44Oq44O844Oz44K344On44OD44OIIDIwMjUtMA==?= =?UTF-8?B?OS0yOSAxNi4yNy4yMy5wbmc=?='),
	('3537', 'MALLA THAKURI ANIL', NULL, NULL, NULL, NULL, NULL, NULL, NULL, NULL, NULL, '2025-10-06 07:54:55.432+00', '2025-10-06 07:54:55.737931+00', NULL, NULL, NULL, NULL, NULL, NULL, '2eca3362-a925-455c-8542-35698084eabb', '2694', '2eca3362-a925-455c-8542-35698084eabb/image/image_2694_1759737295700.=?UTF-8?B?44K544Kv44Oq44O844Oz44K344On44OD44OIIDIwMjUtMA==?= =?UTF-8?B?OS0yOSAxNi4zMy40MS5wbmc=?='),
	('3540', 'MUDEL AASHISH', NULL, NULL, NULL, NULL, NULL, NULL, NULL, NULL, NULL, '2025-10-06 07:54:56.269+00', '2025-10-06 07:54:56.476659+00', NULL, NULL, NULL, NULL, NULL, NULL, '2eca3362-a925-455c-8542-35698084eabb', '2697', '2eca3362-a925-455c-8542-35698084eabb/image/image_2697_1759737296443.=?UTF-8?B?44K544Kv44Oq44O844Oz44K344On44OD44OIIDIwMjUtMA==?= =?UTF-8?B?OS0yOSAxNi40Mi4xMC5wbmc=?='),
	('3543', 'SHRESTHA HARI BAHADUR', NULL, NULL, NULL, NULL, NULL, NULL, NULL, NULL, NULL, '2025-10-06 07:54:57.024+00', '2025-10-06 07:54:57.247565+00', NULL, NULL, NULL, NULL, NULL, NULL, '2eca3362-a925-455c-8542-35698084eabb', '2700', '2eca3362-a925-455c-8542-35698084eabb/image/image_2700_1759737297211.=?UTF-8?B?44K544Kv44Oq44O844Oz44K344On44OD44OIIDIwMjUtMA==?= =?UTF-8?B?OS0yOSAxNi40OC41Ni5wbmc=?='),
	('2832', 'KHATRI DEVENDRA', NULL, NULL, NULL, NULL, NULL, NULL, NULL, NULL, NULL, '2025-10-06 07:54:30.314+00', '2025-10-06 07:54:30.598855+00', NULL, NULL, NULL, NULL, NULL, NULL, '2eca3362-a925-455c-8542-35698084eabb', '1831', '2eca3362-a925-455c-8542-35698084eabb/image/image_1831_1759737270550.=?UTF-8?B?44K544Kv44Oq44O844Oz44K344On44OD44OIIDIwMjQtMA==?= =?UTF-8?B?Ny0zMCAxMS4zNS4wMi5wbmc=?='),
	('2871', 'ACHARYA PRADIP', NULL, NULL, NULL, NULL, NULL, NULL, NULL, NULL, NULL, '2025-10-06 07:54:31.891+00', '2025-10-06 07:54:32.111566+00', NULL, NULL, NULL, NULL, NULL, NULL, '2eca3362-a925-455c-8542-35698084eabb', '1892', '2eca3362-a925-455c-8542-35698084eabb/image/image_1892_1759737272060.=?UTF-8?B?44K544Kv44Oq44O844Oz44K344On44OD44OIIDIwMjQtMA==?= =?UTF-8?B?OS0yNCAxNi4xMC4zMy5wbmc=?='),
	('2872', 'ADHIKARI BHESHRAJ', NULL, NULL, NULL, NULL, NULL, NULL, NULL, NULL, NULL, '2025-10-06 07:54:32.128+00', '2025-10-06 07:54:32.334478+00', NULL, NULL, NULL, NULL, NULL, NULL, '2eca3362-a925-455c-8542-35698084eabb', '1893', '2eca3362-a925-455c-8542-35698084eabb/image/image_1893_1759737272287.=?UTF-8?B?44K544Kv44Oq44O844Oz44K344On44OD44OIIDIwMjQtMA==?= =?UTF-8?B?OS0yNCAxNi4xMS4wOC5wbmc=?='),
	('2874', 'LOPCHAN SUMAN', NULL, NULL, NULL, NULL, NULL, NULL, NULL, NULL, NULL, '2025-10-06 07:54:32.548+00', '2025-10-06 07:54:32.819347+00', NULL, NULL, NULL, NULL, NULL, NULL, '2eca3362-a925-455c-8542-35698084eabb', '1895', '2eca3362-a925-455c-8542-35698084eabb/image/image_1895_1759737272776.=?UTF-8?B?44K544Kv44Oq44O844Oz44K344On44OD44OIIDIwMjQtMA==?= =?UTF-8?B?OS0yNCAxNi4xOC4yNy5wbmc=?='),
	('2875', 'LAMA JHALAK', NULL, NULL, NULL, NULL, NULL, NULL, NULL, NULL, NULL, '2025-10-06 07:54:32.824+00', '2025-10-06 07:54:33.003189+00', NULL, NULL, NULL, NULL, NULL, NULL, '2eca3362-a925-455c-8542-35698084eabb', '1896', '2eca3362-a925-455c-8542-35698084eabb/image/image_1896_1759737272964.=?UTF-8?B?44K544Kv44Oq44O844Oz44K344On44OD44OIIDIwMjQtMA==?= =?UTF-8?B?OS0yNCAxNi4yMC4yMi5wbmc=?='),
	('2877', 'RAI DHAN RAJ', NULL, NULL, NULL, NULL, NULL, NULL, NULL, NULL, NULL, '2025-10-06 07:54:33.19+00', '2025-10-06 07:54:33.426494+00', NULL, NULL, NULL, NULL, NULL, NULL, '2eca3362-a925-455c-8542-35698084eabb', '1898', '2eca3362-a925-455c-8542-35698084eabb/image/image_1898_1759737273363.=?UTF-8?B?44K544Kv44Oq44O844Oz44K344On44OD44OIIDIwMjQtMA==?= =?UTF-8?B?OS0yNCAxNi4yMy4zNy5wbmc=?='),
	('2878', 'BOHARA KESHAB BAHADUR', NULL, NULL, NULL, NULL, NULL, NULL, NULL, NULL, NULL, '2025-10-06 07:54:33.451+00', '2025-10-06 07:54:33.636776+00', NULL, NULL, NULL, NULL, NULL, NULL, '2eca3362-a925-455c-8542-35698084eabb', '1899', '2eca3362-a925-455c-8542-35698084eabb/image/image_1899_1759737273597.=?UTF-8?B?44K544Kv44Oq44O844Oz44K344On44OD44OIIDIwMjQtMA==?= =?UTF-8?B?OS0yNCAxNi4yNy40MC5wbmc=?='),
	('2880', 'JOSHI NAVRAJ', NULL, NULL, NULL, NULL, NULL, NULL, NULL, NULL, NULL, '2025-10-06 07:54:33.84+00', '2025-10-06 07:54:34.021567+00', NULL, NULL, NULL, NULL, NULL, NULL, '2eca3362-a925-455c-8542-35698084eabb', '1901', '2eca3362-a925-455c-8542-35698084eabb/image/image_1901_1759737273976.=?UTF-8?B?44K544Kv44Oq44O844Oz44K344On44OD44OIIDIwMjQtMA==?= =?UTF-8?B?OS0yNCAxNi4zOS4xMC5wbmc=?='),
	('2882', 'SAUD SHYAM', NULL, NULL, NULL, NULL, NULL, NULL, NULL, NULL, NULL, '2025-10-06 07:54:34.262+00', '2025-10-06 07:54:34.460597+00', NULL, NULL, NULL, NULL, NULL, NULL, '2eca3362-a925-455c-8542-35698084eabb', '1903', '2eca3362-a925-455c-8542-35698084eabb/image/image_1903_1759737274424.=?UTF-8?B?44K544Kv44Oq44O844Oz44K344On44OD44OIIDIwMjQtMA==?= =?UTF-8?B?OS0yNCAxNi40My4xOS5wbmc=?='),
	('2883', 'SHAH PADAM', NULL, NULL, NULL, NULL, NULL, NULL, NULL, NULL, NULL, '2025-10-06 07:54:34.462+00', '2025-10-06 07:54:34.727236+00', NULL, NULL, NULL, NULL, NULL, NULL, '2eca3362-a925-455c-8542-35698084eabb', '1904', '2eca3362-a925-455c-8542-35698084eabb/image/image_1904_1759737274690.=?UTF-8?B?44K544Kv44Oq44O844Oz44K344On44OD44OIIDIwMjQtMA==?= =?UTF-8?B?OS0yNCAxNi40NC41MS5wbmc=?='),
	('2884', 'NAGARKOTI BISHNU', NULL, NULL, NULL, NULL, NULL, NULL, NULL, NULL, NULL, '2025-10-06 07:54:34.728+00', '2025-10-06 07:54:34.966404+00', NULL, NULL, NULL, NULL, NULL, NULL, '2eca3362-a925-455c-8542-35698084eabb', '1905', '2eca3362-a925-455c-8542-35698084eabb/image/image_1905_1759737274933.=?UTF-8?B?44K544Kv44Oq44O844Oz44K344On44OD44OIIDIwMjQtMA==?= =?UTF-8?B?OS0yNCAxNi40Ni4xMS5wbmc=?='),
	('2886', 'GURUNG SAMPURNA', NULL, NULL, NULL, NULL, NULL, NULL, NULL, NULL, NULL, '2025-10-06 07:54:35.179+00', '2025-10-06 07:54:35.366964+00', NULL, NULL, NULL, NULL, NULL, NULL, '2eca3362-a925-455c-8542-35698084eabb', '1907', '2eca3362-a925-455c-8542-35698084eabb/image/image_1907_1759737275328.=?UTF-8?B?44K544Kv44Oq44O844Oz44K344On44OD44OIIDIwMjQtMA==?= =?UTF-8?B?OS0yNCAxNi41MC4yNS5wbmc=?='),
	('2888', 'TAJPURIYA SANJIT KUMAR', NULL, NULL, NULL, NULL, NULL, NULL, NULL, NULL, NULL, '2025-10-06 07:54:35.798+00', '2025-10-06 07:54:36.026789+00', NULL, NULL, NULL, NULL, NULL, NULL, '2eca3362-a925-455c-8542-35698084eabb', '1909', '2eca3362-a925-455c-8542-35698084eabb/image/image_1909_1759737275995.=?UTF-8?B?44K544Kv44Oq44O844Oz44K344On44OD44OIIDIwMjQtMA==?= =?UTF-8?B?OS0yNCAxNi41Ny4xNC5wbmc=?='),
	('2891', 'NAING HTET SOE', NULL, NULL, NULL, NULL, NULL, NULL, NULL, NULL, NULL, '2025-10-06 07:54:36.056+00', '2025-10-06 07:54:36.245032+00', NULL, NULL, NULL, NULL, NULL, NULL, '2eca3362-a925-455c-8542-35698084eabb', '1912', '2eca3362-a925-455c-8542-35698084eabb/image/image_1912_1759737276208.=?UTF-8?B?44K544Kv44Oq44O844Oz44K344On44OD44OIIDIwMjQtMA==?= =?UTF-8?B?OS0yNCAxNy4wNC4wOC5wbmc=?='),
	('2893', 'PHYO ARKAR', NULL, NULL, NULL, NULL, NULL, NULL, NULL, NULL, NULL, '2025-10-06 07:54:36.458+00', '2025-10-06 07:54:36.642232+00', NULL, NULL, NULL, NULL, NULL, NULL, '2eca3362-a925-455c-8542-35698084eabb', '1914', '2eca3362-a925-455c-8542-35698084eabb/image/image_1914_1759737276603.=?UTF-8?B?44K544Kv44Oq44O844Oz44K344On44OD44OIIDIwMjQtMA==?= =?UTF-8?B?OS0yNCAxNy4xMC4yNS5wbmc=?='),
	('2894', 'THANT ZIN LIN', NULL, NULL, NULL, NULL, NULL, NULL, NULL, NULL, NULL, '2025-10-06 07:54:36.645+00', '2025-10-06 07:54:36.827229+00', NULL, NULL, NULL, NULL, NULL, NULL, '2eca3362-a925-455c-8542-35698084eabb', '1915', '2eca3362-a925-455c-8542-35698084eabb/image/image_1915_1759737276787.=?UTF-8?B?44K544Kv44Oq44O844Oz44K344On44OD44OIIDIwMjQtMA==?= =?UTF-8?B?OS0yNCAxNy4xMi4zMy5wbmc=?='),
	('2896', 'HTUN YAN', NULL, NULL, NULL, NULL, NULL, NULL, NULL, NULL, NULL, '2025-10-06 07:54:37.016+00', '2025-10-06 07:54:37.213976+00', NULL, NULL, NULL, NULL, NULL, NULL, '2eca3362-a925-455c-8542-35698084eabb', '1917', '2eca3362-a925-455c-8542-35698084eabb/image/image_1917_1759737277174.=?UTF-8?B?44K544Kv44Oq44O844Oz44K344On44OD44OIIDIwMjQtMA==?= =?UTF-8?B?OS0yNCAxNy4xNS40NS5wbmc=?='),
	('3234', 'CHAPAGAIN RAJESH', NULL, NULL, NULL, NULL, NULL, NULL, NULL, NULL, NULL, '2025-10-06 07:54:38.552+00', '2025-10-06 07:54:38.895816+00', NULL, NULL, NULL, NULL, NULL, NULL, '2eca3362-a925-455c-8542-35698084eabb', '1990', '2eca3362-a925-455c-8542-35698084eabb/image/image_1990_1759737278849.=?UTF-8?B?44K544Kv44Oq44O844Oz44K344On44OD44OIIDIwMjQtMQ==?= =?UTF-8?B?MC0zMCAxMC4zMy4wNC5wbmc=?='),
	('2963', 'GIRI KESHAR', NULL, NULL, NULL, NULL, NULL, NULL, NULL, NULL, NULL, '2025-10-06 07:54:38.939+00', '2025-10-06 07:54:39.294449+00', NULL, NULL, NULL, NULL, NULL, NULL, '2eca3362-a925-455c-8542-35698084eabb', '1994', '2eca3362-a925-455c-8542-35698084eabb/image/image_1994_1759737279251.=?UTF-8?B?44K544Kv44Oq44O844Oz44K344On44OD44OIIDIwMjQtMQ==?= =?UTF-8?B?MC0zMCAxMC4zMy40Mi5wbmc=?='),
	('3047', 'SHYANGBO BIJAY', NULL, NULL, NULL, NULL, NULL, NULL, NULL, NULL, NULL, '2025-10-06 07:54:40.979+00', '2025-10-06 07:54:41.267973+00', NULL, NULL, NULL, NULL, NULL, NULL, '2eca3362-a925-455c-8542-35698084eabb', '2115', '2eca3362-a925-455c-8542-35698084eabb/image/image_2115_1759737281230.=?UTF-8?B?44K544Kv44Oq44O844Oz44K344On44OD44OIIDIwMjQtMQ==?= =?UTF-8?B?Mi0yNCA5LjE1LjQwLnBuZw==?='),
	('3051', 'TAMANG ILAM', NULL, NULL, NULL, NULL, NULL, NULL, NULL, NULL, NULL, '2025-10-06 07:54:41.344+00', '2025-10-06 07:54:41.526841+00', NULL, NULL, NULL, NULL, NULL, NULL, '2eca3362-a925-455c-8542-35698084eabb', '2122', '2eca3362-a925-455c-8542-35698084eabb/image/image_2122_1759737281492.=?UTF-8?B?44K544Kv44Oq44O844Oz44K344On44OD44OIIDIwMjQtMQ==?= =?UTF-8?B?Mi0yNSAxNy4yNS4wOS5wbmc=?='),
	('3154', 'GHARTI DICTION', NULL, NULL, NULL, NULL, NULL, NULL, NULL, NULL, NULL, '2025-10-06 07:54:44.008+00', '2025-10-06 07:54:44.182693+00', NULL, NULL, NULL, NULL, NULL, NULL, '2eca3362-a925-455c-8542-35698084eabb', '2273', '2eca3362-a925-455c-8542-35698084eabb/image/image_2273_1759737284151.jpeg'),
	('3245', 'CHALAUNE HEM RAJ', NULL, NULL, NULL, NULL, NULL, NULL, NULL, NULL, NULL, '2025-10-06 07:54:46.508+00', '2025-10-06 07:54:46.733839+00', NULL, NULL, NULL, NULL, NULL, NULL, '2eca3362-a925-455c-8542-35698084eabb', '2429', '2eca3362-a925-455c-8542-35698084eabb/image/image_2429_1759737286702.=?UTF-8?B?44K544Kv44Oq44O844Oz44K344On44OD44OIIDIwMjUtMA==?= =?UTF-8?B?NS0xNiAxNy4xNC4zNi5wbmc=?='),
	('3247', 'GHARTIMAGAR MEGH RAJ', NULL, NULL, NULL, NULL, NULL, NULL, NULL, NULL, NULL, '2025-10-06 07:54:46.932+00', '2025-10-06 07:54:47.128472+00', NULL, NULL, NULL, NULL, NULL, NULL, '2eca3362-a925-455c-8542-35698084eabb', '2431', '2eca3362-a925-455c-8542-35698084eabb/image/image_2431_1759737287091.=?UTF-8?B?44K544Kv44Oq44O844Oz44K344On44OD44OIIDIwMjUtMA==?= =?UTF-8?B?NS0xNiAxNy4yNC4zMS5wbmc=?='),
	('3248', 'TAMANG TARA BAHADUR', NULL, NULL, NULL, NULL, NULL, NULL, NULL, NULL, NULL, '2025-10-06 07:54:47.132+00', '2025-10-06 07:54:47.328691+00', NULL, NULL, NULL, NULL, NULL, NULL, '2eca3362-a925-455c-8542-35698084eabb', '2432', '2eca3362-a925-455c-8542-35698084eabb/image/image_2432_1759737287289.=?UTF-8?B?44K544Kv44Oq44O844Oz44K344On44OD44OIIDIwMjUtMA==?= =?UTF-8?B?NS0xNiAxNy4yOS41Mi5wbmc=?='),
	('3397', 'THARU PRATIK SING', NULL, NULL, NULL, NULL, NULL, NULL, NULL, NULL, NULL, '2025-10-06 07:54:49.835+00', '2025-10-06 07:54:50.016874+00', NULL, NULL, NULL, NULL, NULL, NULL, '2eca3362-a925-455c-8542-35698084eabb', '2585', '2eca3362-a925-455c-8542-35698084eabb/image/image_2585_1759737289978.=?UTF-8?B?44K544Kv44Oq44O844Oz44K344On44OD44OIIDIwMjUtMA==?= =?UTF-8?B?Ny0yOSAxNi4yMS4yNi5wbmc=?='),
	('3414', 'KHANAL KIRAN', NULL, NULL, NULL, NULL, NULL, NULL, NULL, NULL, NULL, '2025-10-06 07:54:50.762+00', '2025-10-06 07:54:50.942903+00', NULL, NULL, NULL, NULL, NULL, NULL, '2eca3362-a925-455c-8542-35698084eabb', '2623', '2eca3362-a925-455c-8542-35698084eabb/image/image_2623_1759737290904.jpeg'),
	('3461', 'NEUPANE YAGYARAJ ', NULL, NULL, NULL, NULL, NULL, NULL, NULL, NULL, NULL, '2025-10-06 07:54:51.342+00', '2025-10-06 07:54:51.557315+00', NULL, NULL, NULL, NULL, NULL, NULL, '2eca3362-a925-455c-8542-35698084eabb', '2637', '2eca3362-a925-455c-8542-35698084eabb/image/image_2637_1759737291520.jpeg'),
	('3509', 'KHAING THAZIN', NULL, NULL, NULL, NULL, NULL, NULL, NULL, NULL, NULL, '2025-10-06 07:54:52.294+00', '2025-10-06 07:54:52.537616+00', NULL, NULL, NULL, NULL, NULL, NULL, '2eca3362-a925-455c-8542-35698084eabb', '2654', '2eca3362-a925-455c-8542-35698084eabb/image/image_2654_1759737292503.jpeg'),
	('3527', 'CHAUDHARY RUMAN', NULL, NULL, NULL, NULL, NULL, NULL, NULL, NULL, NULL, '2025-10-06 07:54:53.765+00', '2025-10-06 07:54:53.976446+00', NULL, NULL, NULL, NULL, NULL, NULL, '2eca3362-a925-455c-8542-35698084eabb', '2684', '2eca3362-a925-455c-8542-35698084eabb/image/image_2684_1759737293935.=?UTF-8?B?44K544Kv44Oq44O844Oz44K344On44OD44OIIDIwMjUtMA==?= =?UTF-8?B?OS0yOSAxNS41My4zNi5wbmc=?='),
	('2898', 'YE YINT KYAW', NULL, NULL, NULL, NULL, NULL, NULL, NULL, NULL, NULL, '2025-10-06 07:54:37.237+00', '2025-10-06 07:54:37.438319+00', NULL, NULL, NULL, NULL, NULL, NULL, '2eca3362-a925-455c-8542-35698084eabb', '1919', '2eca3362-a925-455c-8542-35698084eabb/image/image_1919_1759737277397.=?UTF-8?B?44K544Kv44Oq44O844Oz44K344On44OD44OIIDIwMjQtMA==?= =?UTF-8?B?OS0yNCAxNy4xOC41OS5wbmc=?='),
	('3140', 'TAMANG SUNITA', NULL, NULL, NULL, NULL, NULL, NULL, NULL, NULL, NULL, '2025-10-06 07:54:42.443+00', '2025-10-06 07:54:42.676961+00', NULL, NULL, NULL, NULL, NULL, NULL, '2eca3362-a925-455c-8542-35698084eabb', '2178', '2eca3362-a925-455c-8542-35698084eabb/image/image_2178_1759737282643.=?UTF-8?B?44K544Kv44Oq44O844Oz44K344On44OD44OIIDIwMjUtMA==?= =?UTF-8?B?MS0yMCAxMS41MS40NS5wbmc=?='),
	('3155', 'THIN YU MON', NULL, NULL, NULL, NULL, NULL, NULL, NULL, NULL, NULL, '2025-10-06 07:54:44.32+00', '2025-10-06 07:54:44.58669+00', NULL, NULL, NULL, NULL, NULL, NULL, '2eca3362-a925-455c-8542-35698084eabb', '2290', '2eca3362-a925-455c-8542-35698084eabb/image/image_2290_1759737284547.=?UTF-8?B?44K544Kv44Oq44O844Oz44K344On44OD44OIIDIwMjUtMA==?= =?UTF-8?B?Mi0yOCAxOS40NS4wMS5wbmc=?='),
	('3515', 'RANEPURA KANKANAM KANATHTHAGE SUMEDA', NULL, NULL, NULL, NULL, NULL, NULL, NULL, NULL, NULL, '2025-10-06 07:54:53.141+00', '2025-10-06 07:54:53.472741+00', NULL, NULL, NULL, NULL, NULL, NULL, '2eca3362-a925-455c-8542-35698084eabb', '2673', '2eca3362-a925-455c-8542-35698084eabb/image/image_2673_1759737293419.=?UTF-8?B?44K544Kv44Oq44O844Oz44K344On44OD44OIIDIwMjUtMA==?= =?UTF-8?B?OS0yMiAxNi4zMy41OS5wbmc=?='),
	('3529', 'BHATTA RAJU', NULL, NULL, NULL, NULL, NULL, NULL, NULL, NULL, NULL, '2025-10-06 07:54:54.001+00', '2025-10-06 07:54:54.196505+00', NULL, NULL, NULL, NULL, NULL, NULL, '2eca3362-a925-455c-8542-35698084eabb', '2686', '2eca3362-a925-455c-8542-35698084eabb/image/image_2686_1759737294166.=?UTF-8?B?44K544Kv44Oq44O844Oz44K344On44OD44OIIDIwMjUtMA==?= =?UTF-8?B?OS0yOSAxNi4wNC4xOS5wbmc=?='),
	('3533', 'DHAMALA LAXMAN PASAD', NULL, NULL, NULL, NULL, NULL, NULL, NULL, NULL, NULL, '2025-10-06 07:54:54.424+00', '2025-10-06 07:54:54.665159+00', NULL, NULL, NULL, NULL, NULL, NULL, '2eca3362-a925-455c-8542-35698084eabb', '2690', '2eca3362-a925-455c-8542-35698084eabb/image/image_2690_1759737294614.=?UTF-8?B?44K544Kv44Oq44O844Oz44K344On44OD44OIIDIwMjUtMA==?= =?UTF-8?B?OS0yOSAxNi4yNC4yNC5wbmc=?='),
	('3535', 'JOSHI SAROJ', NULL, NULL, NULL, NULL, NULL, NULL, NULL, NULL, NULL, '2025-10-06 07:54:54.912+00', '2025-10-06 07:54:55.147087+00', NULL, NULL, NULL, NULL, NULL, NULL, '2eca3362-a925-455c-8542-35698084eabb', '2692', '2eca3362-a925-455c-8542-35698084eabb/image/image_2692_1759737295106.=?UTF-8?B?44K544Kv44Oq44O844Oz44K344On44OD44OIIDIwMjUtMA==?= =?UTF-8?B?OS0yOSAxNi4yOS4yMC5wbmc=?='),
	('3536', 'LIMBU SINGYUK', NULL, NULL, NULL, NULL, NULL, NULL, NULL, NULL, NULL, '2025-10-06 07:54:55.153+00', '2025-10-06 07:54:55.423088+00', NULL, NULL, NULL, NULL, NULL, NULL, '2eca3362-a925-455c-8542-35698084eabb', '2693', '2eca3362-a925-455c-8542-35698084eabb/image/image_2693_1759737295387.=?UTF-8?B?44K544Kv44Oq44O844Oz44K344On44OD44OIIDIwMjUtMA==?= =?UTF-8?B?OS0yOSAxNi4zMS41MC5wbmc=?='),
	('3538', 'MALLA KIRAN', NULL, NULL, NULL, NULL, NULL, NULL, NULL, NULL, NULL, '2025-10-06 07:54:55.745+00', '2025-10-06 07:54:55.943228+00', NULL, NULL, NULL, NULL, NULL, NULL, '2eca3362-a925-455c-8542-35698084eabb', '2695', '2eca3362-a925-455c-8542-35698084eabb/image/image_2695_1759737295903.=?UTF-8?B?44K544Kv44Oq44O844Oz44K344On44OD44OIIDIwMjUtMA==?= =?UTF-8?B?OS0yOSAxNi4zNS4zNS5wbmc=?='),
	('3539', 'MASRANGI GOVINDA BAHADUR', NULL, NULL, NULL, NULL, NULL, NULL, NULL, NULL, NULL, '2025-10-06 07:54:55.95+00', '2025-10-06 07:54:56.256697+00', NULL, NULL, NULL, NULL, NULL, NULL, '2eca3362-a925-455c-8542-35698084eabb', '2696', '2eca3362-a925-455c-8542-35698084eabb/image/image_2696_1759737296212.=?UTF-8?B?44K544Kv44Oq44O844Oz44K344On44OD44OIIDIwMjUtMA==?= =?UTF-8?B?OS0yOSAxNi4zNy4yMi5wbmc=?='),
	('3541', 'RAI PRADIP', NULL, NULL, NULL, NULL, NULL, NULL, NULL, NULL, NULL, '2025-10-06 07:54:56.482+00', '2025-10-06 07:54:56.712428+00', NULL, NULL, NULL, NULL, NULL, NULL, '2eca3362-a925-455c-8542-35698084eabb', '2698', '2eca3362-a925-455c-8542-35698084eabb/image/image_2698_1759737296679.=?UTF-8?B?44K544Kv44Oq44O844Oz44K344On44OD44OIIDIwMjUtMA==?= =?UTF-8?B?OS0yOSAxNi40NC4zMC5wbmc=?='),
	('3542', 'TAMANG RAJMAN', NULL, NULL, NULL, NULL, NULL, NULL, NULL, NULL, NULL, '2025-10-06 07:54:56.715+00', '2025-10-06 07:54:57.017959+00', NULL, NULL, NULL, NULL, NULL, NULL, '2eca3362-a925-455c-8542-35698084eabb', '2699', '2eca3362-a925-455c-8542-35698084eabb/image/image_2699_1759737296980.=?UTF-8?B?44K544Kv44Oq44O844Oz44K344On44OD44OIIDIwMjUtMA==?= =?UTF-8?B?OS0yOSAxNi40Ni4xNC5wbmc=?='),
	('3544', 'SHRESTHA AAKASH', NULL, NULL, NULL, NULL, NULL, NULL, NULL, NULL, NULL, '2025-10-06 07:54:57.251+00', '2025-10-06 07:54:57.460276+00', NULL, NULL, NULL, NULL, NULL, NULL, '2eca3362-a925-455c-8542-35698084eabb', '2701', '2eca3362-a925-455c-8542-35698084eabb/image/image_2701_1759737297426.=?UTF-8?B?44K544Kv44Oq44O844Oz44K344On44OD44OIIDIwMjUtMA==?= =?UTF-8?B?OS0yOSAxNi41MC4zNS5wbmc=?=');


--
-- Data for Name: meetings; Type: TABLE DATA; Schema: public; Owner: postgres
--



--
-- Data for Name: meeting_notes; Type: TABLE DATA; Schema: public; Owner: postgres
--



--
-- Data for Name: support_actions; Type: TABLE DATA; Schema: public; Owner: postgres
--



--
-- Data for Name: sync_sessions; Type: TABLE DATA; Schema: public; Owner: postgres
--

INSERT INTO "public"."sync_sessions" ("id", "tenant_id", "connector_id", "sync_type", "status", "start_time", "end_time", "total_count", "success_count", "failed_count", "error_message", "run_by", "created_at", "updated_at") VALUES
	('e28bfa9f-bd58-42c6-b0eb-19b3c7667969', '1c5a22c7-ca7c-4db7-9509-d91aff15aee0', '01994ddf-c0f8-4dc9-9c73-cd63a11333f1', 'manual', 'success', '2025-10-05 06:47:47.092872+00', '2025-10-05 06:47:54.116+00', 123, 123, 0, NULL, NULL, '2025-10-05 06:47:47.092872+00', '2025-10-05 06:47:53.491264+00'),
	('201861a9-035a-4d40-a7ff-4adb27972d2b', '1c5a22c7-ca7c-4db7-9509-d91aff15aee0', '01994ddf-c0f8-4dc9-9c73-cd63a11333f1', 'manual', 'success', '2025-10-05 06:49:20.522967+00', '2025-10-05 06:49:21.79+00', 1, 1, 0, NULL, NULL, '2025-10-05 06:49:20.522967+00', '2025-10-05 06:49:21.165448+00'),
	('7d32b78c-d5b7-4ad7-83a0-efb98834a10e', '2eca3362-a925-455c-8542-35698084eabb', 'a38e7649-f7e3-460f-9ee9-74ec27a229c1', 'manual', 'success', '2025-10-06 07:53:16.150629+00', '2025-10-06 07:53:18.074+00', 123, 123, 0, NULL, NULL, '2025-10-06 07:53:16.150629+00', '2025-10-06 07:53:18.088019+00'),
	('a6387405-3e4b-43ed-b6d0-49b09c1b92c5', '2eca3362-a925-455c-8542-35698084eabb', 'a38e7649-f7e3-460f-9ee9-74ec27a229c1', 'manual', 'success', '2025-10-06 07:53:48.121912+00', '2025-10-06 07:54:57.508+00', 123, 123, 0, NULL, NULL, '2025-10-06 07:53:48.121912+00', '2025-10-06 07:54:57.522666+00');


--
-- Data for Name: user_tenants; Type: TABLE DATA; Schema: public; Owner: postgres
--

INSERT INTO "public"."user_tenants" ("id", "user_id", "tenant_id", "role", "status", "invited_by", "invited_at", "joined_at", "created_at", "updated_at", "email") VALUES
	('f81dd2b1-39b1-4c77-acbb-2c32f5a04d96', '8e655bd3-a6fd-430e-8301-d6e842d997e6', '1c5a22c7-ca7c-4db7-9509-d91aff15aee0', 'owner', 'active', NULL, NULL, NULL, '2025-10-04 11:55:03.250454+00', '2025-10-04 11:55:03.250454+00', 'tomoaki.nishimura@funtoco.jp'),
	('1b74600f-6e3f-4bad-b3ab-38ec7bef8346', '8e655bd3-a6fd-430e-8301-d6e842d997e6', '2eca3362-a925-455c-8542-35698084eabb', 'owner', 'active', NULL, NULL, '2025-10-06 07:52:02.612+00', '2025-10-06 07:52:02.626613+00', '2025-10-06 07:52:02.626613+00', 'tomoaki.nishimura@funtoco.jp'),
	('920ba1d1-30b6-4c6a-a292-4ad6e2b58cf6', 'ffa61251-d7a9-4044-92ae-bf0f65caeb4c', '1c5a22c7-ca7c-4db7-9509-d91aff15aee0', 'admin', 'pending', '8e655bd3-a6fd-430e-8301-d6e842d997e6', '2025-10-17 03:07:35.127+00', NULL, '2025-10-17 03:07:34.275482+00', '2025-10-17 03:07:34.275482+00', 'raffi@funtoco.jp');


--
-- Data for Name: visas; Type: TABLE DATA; Schema: public; Owner: postgres
--



--
-- Data for Name: buckets; Type: TABLE DATA; Schema: storage; Owner: supabase_storage_admin
--

INSERT INTO "storage"."buckets" ("id", "name", "owner", "created_at", "updated_at", "public", "avif_autodetection", "file_size_limit", "allowed_mime_types", "owner_id", "type") VALUES
	('people-images', 'people-images', NULL, '2025-10-05 05:20:03.309241+00', '2025-10-05 05:20:03.309241+00', false, false, 10485760, '{image/png,image/jpeg,image/jpg,image/gif,image/webp}', NULL, 'STANDARD');


--
-- Data for Name: buckets_analytics; Type: TABLE DATA; Schema: storage; Owner: supabase_storage_admin
--



--
-- Data for Name: iceberg_namespaces; Type: TABLE DATA; Schema: storage; Owner: supabase_storage_admin
--



--
-- Data for Name: iceberg_tables; Type: TABLE DATA; Schema: storage; Owner: supabase_storage_admin
--



--
-- Data for Name: objects; Type: TABLE DATA; Schema: storage; Owner: supabase_storage_admin
--

INSERT INTO "storage"."objects" ("id", "bucket_id", "name", "owner", "created_at", "updated_at", "last_accessed_at", "metadata", "version", "owner_id", "user_metadata", "level") VALUES
	('24fa29f4-6c4e-4bf8-b632-d1dc769520b7', 'people-images', '1c5a22c7-ca7c-4db7-9509-d91aff15aee0/image/image_884_1759646961685.png', NULL, '2025-10-05 06:49:21.126987+00', '2025-10-05 06:49:21.126987+00', '2025-10-05 06:49:21.126987+00', '{"eTag": "\"e357ee101fffeef672f09105c4e2f607\"", "size": 13333, "mimetype": "image/png", "cacheControl": "max-age=3600", "lastModified": "2025-10-05T06:49:21.100Z", "contentLength": 13333, "httpStatusCode": 200}', 'e00efa93-9a3e-4b65-94c1-9b561105eec4', NULL, '{}', 3),
	('121e1428-42ff-4abe-99a8-ac7793acbcea', 'people-images', '2eca3362-a925-455c-8542-35698084eabb/image/image_861_1759737245979.png', NULL, '2025-10-06 07:54:06.079682+00', '2025-10-06 07:54:06.079682+00', '2025-10-06 07:54:06.079682+00', '{"eTag": "\"782b004602b8ce6f7682039d31b7022c\"", "size": 12065, "mimetype": "image/png", "cacheControl": "max-age=3600", "lastModified": "2025-10-06T07:54:06.060Z", "contentLength": 12065, "httpStatusCode": 200}', '10b078ae-dae0-47cb-9a11-53caf0867a23', NULL, '{}', 3),
	('8a6f4a85-2b8b-4334-a072-ff39680f0eda', 'people-images', '2eca3362-a925-455c-8542-35698084eabb/image/image_1994_1759737279251.=', NULL, '2025-10-06 07:54:39.287124+00', '2025-10-06 07:54:39.287124+00', '2025-10-06 07:54:39.287124+00', '{"eTag": "\"884331f3915126ca16fa2d4c8ae6e734\"", "size": 411279, "mimetype": "image/png", "cacheControl": "max-age=3600", "lastModified": "2025-10-06T07:54:39.270Z", "contentLength": 411279, "httpStatusCode": 200}', 'c526021c-540f-4a16-a61d-b9c433f0edf5', NULL, '{}', 3),
	('e057bc4e-21d1-474b-8fea-190aa7f4e8c7', 'people-images', '2eca3362-a925-455c-8542-35698084eabb/image/image_862_1759737246294.png', NULL, '2025-10-06 07:54:06.326548+00', '2025-10-06 07:54:06.326548+00', '2025-10-06 07:54:06.326548+00', '{"eTag": "\"1dbe6226f0eee618badab9aa3085b4d7\"", "size": 15716, "mimetype": "image/png", "cacheControl": "max-age=3600", "lastModified": "2025-10-06T07:54:06.310Z", "contentLength": 15716, "httpStatusCode": 200}', 'c5982daf-6c5b-45c4-9306-445ec411bc0c', NULL, '{}', 3),
	('0eea3c67-2c94-4cc2-91ba-131272027b8a', 'people-images', '2eca3362-a925-455c-8542-35698084eabb/image/image_863_1759737246496.png', NULL, '2025-10-06 07:54:06.531278+00', '2025-10-06 07:54:06.531278+00', '2025-10-06 07:54:06.531278+00', '{"eTag": "\"cb3911864ff564910d453440fd264a82\"", "size": 19421, "mimetype": "image/png", "cacheControl": "max-age=3600", "lastModified": "2025-10-06T07:54:06.520Z", "contentLength": 19421, "httpStatusCode": 200}', '4e2780c7-c7e4-44c7-ac71-0211e8670f58', NULL, '{}', 3),
	('aea3b2cd-f808-4f24-b07f-d8469f67a8b8', 'people-images', '2eca3362-a925-455c-8542-35698084eabb/image/image_2114_1759737280849.=', NULL, '2025-10-06 07:54:40.941198+00', '2025-10-06 07:54:40.941198+00', '2025-10-06 07:54:40.941198+00', '{"eTag": "\"5866683d82b5056d009630c85848f8dc\"", "size": 111611, "mimetype": "image/png", "cacheControl": "max-age=3600", "lastModified": "2025-10-06T07:54:40.930Z", "contentLength": 111611, "httpStatusCode": 200}', '71ac3db1-21f2-4ca0-9020-21a173d73b0b', NULL, '{}', 3),
	('40aa8be1-32fa-4b61-bf28-ab1b51a49da9', 'people-images', '2eca3362-a925-455c-8542-35698084eabb/image/image_864_1759737246746.png', NULL, '2025-10-06 07:54:06.773145+00', '2025-10-06 07:54:06.773145+00', '2025-10-06 07:54:06.773145+00', '{"eTag": "\"e89cd73f3f6419513fd4d4a905353abf\"", "size": 13407, "mimetype": "image/png", "cacheControl": "max-age=3600", "lastModified": "2025-10-06T07:54:06.760Z", "contentLength": 13407, "httpStatusCode": 200}', '24835bf3-5ad6-4ab0-bb67-a538c3877041', NULL, '{}', 3),
	('bbc3deff-1ed7-42f9-9693-c8e16786215e', 'people-images', '2eca3362-a925-455c-8542-35698084eabb/image/image_865_1759737246972.png', NULL, '2025-10-06 07:54:06.998769+00', '2025-10-06 07:54:06.998769+00', '2025-10-06 07:54:06.998769+00', '{"eTag": "\"e988c2f1c26af67c68fc7023a0495212\"", "size": 13178, "mimetype": "image/png", "cacheControl": "max-age=3600", "lastModified": "2025-10-06T07:54:06.980Z", "contentLength": 13178, "httpStatusCode": 200}', '648280ac-9828-463c-a2f5-d92853cef29f', NULL, '{}', 3),
	('b18ee22d-53af-49b6-a77b-c53268b8efd3', 'people-images', '2eca3362-a925-455c-8542-35698084eabb/image/image_866_1759737247157.png', NULL, '2025-10-06 07:54:07.181563+00', '2025-10-06 07:54:07.181563+00', '2025-10-06 07:54:07.181563+00', '{"eTag": "\"626d053b1a14453e2903076e411bd10d\"", "size": 10460, "mimetype": "image/png", "cacheControl": "max-age=3600", "lastModified": "2025-10-06T07:54:07.170Z", "contentLength": 10460, "httpStatusCode": 200}', 'e2ae7fbc-b71f-4f83-83ca-c68cd2508ff3', NULL, '{}', 3),
	('b0fce014-1953-40f8-89b6-ffaec55dccef', 'people-images', '2eca3362-a925-455c-8542-35698084eabb/image/image_867_1759737247355.png', NULL, '2025-10-06 07:54:07.384413+00', '2025-10-06 07:54:07.384413+00', '2025-10-06 07:54:07.384413+00', '{"eTag": "\"fd933980df87d2d15a8c6df87918dcf7\"", "size": 16065, "mimetype": "image/png", "cacheControl": "max-age=3600", "lastModified": "2025-10-06T07:54:07.370Z", "contentLength": 16065, "httpStatusCode": 200}', '42b39ca2-4dbc-46c5-80ae-06cfd0f88697', NULL, '{}', 3),
	('aa21c2e1-9662-4ea4-af00-9d5ebb01d665', 'people-images', '2eca3362-a925-455c-8542-35698084eabb/image/image_868_1759737247566.png', NULL, '2025-10-06 07:54:07.593297+00', '2025-10-06 07:54:07.593297+00', '2025-10-06 07:54:07.593297+00', '{"eTag": "\"0ab859b34761ddf4801995b856b854be\"", "size": 17277, "mimetype": "image/png", "cacheControl": "max-age=3600", "lastModified": "2025-10-06T07:54:07.580Z", "contentLength": 17277, "httpStatusCode": 200}', '3353b230-a913-4f5a-93ad-520cae5bc206', NULL, '{}', 3),
	('0b546d01-1424-401f-96b8-497d2ea3ae0e', 'people-images', '2eca3362-a925-455c-8542-35698084eabb/image/image_869_1759737247787.png', NULL, '2025-10-06 07:54:07.816188+00', '2025-10-06 07:54:07.816188+00', '2025-10-06 07:54:07.816188+00', '{"eTag": "\"9dd2eb09c1bda768d75cedf5d80a383e\"", "size": 15624, "mimetype": "image/png", "cacheControl": "max-age=3600", "lastModified": "2025-10-06T07:54:07.800Z", "contentLength": 15624, "httpStatusCode": 200}', '53a38de5-85fc-4598-a3a1-e3c451e4ca65', NULL, '{}', 3),
	('80330122-e61c-4e07-9ddb-c970ab56ad02', 'people-images', '2eca3362-a925-455c-8542-35698084eabb/image/image_2115_1759737281230.=', NULL, '2025-10-06 07:54:41.257405+00', '2025-10-06 07:54:41.257405+00', '2025-10-06 07:54:41.257405+00', '{"eTag": "\"c206ea79966cdec23f06fc0e7e5f7c19\"", "size": 104177, "mimetype": "image/png", "cacheControl": "max-age=3600", "lastModified": "2025-10-06T07:54:41.240Z", "contentLength": 104177, "httpStatusCode": 200}', '583c555e-0307-429a-8d20-4cff3d493018', NULL, '{}', 3),
	('82790ecd-3604-48f1-8cdf-3abe72ae6191', 'people-images', '2eca3362-a925-455c-8542-35698084eabb/image/image_870_1759737247970.png', NULL, '2025-10-06 07:54:07.997167+00', '2025-10-06 07:54:07.997167+00', '2025-10-06 07:54:07.997167+00', '{"eTag": "\"71058339fbac810feaaef863fc892134\"", "size": 17392, "mimetype": "image/png", "cacheControl": "max-age=3600", "lastModified": "2025-10-06T07:54:07.980Z", "contentLength": 17392, "httpStatusCode": 200}', 'aa9b9ee1-0ff6-4f74-8989-f7a20154d9ef', NULL, '{}', 3),
	('af992651-33eb-4f8d-928c-63268973cfd6', 'people-images', '2eca3362-a925-455c-8542-35698084eabb/image/image_871_1759737248242.png', NULL, '2025-10-06 07:54:08.269435+00', '2025-10-06 07:54:08.269435+00', '2025-10-06 07:54:08.269435+00', '{"eTag": "\"c6b0b1195b8d0014b5f9b2d7e35679ee\"", "size": 13327, "mimetype": "image/png", "cacheControl": "max-age=3600", "lastModified": "2025-10-06T07:54:08.260Z", "contentLength": 13327, "httpStatusCode": 200}', '90ce040d-ea59-40cb-a98f-ae76b4eb2b4e', NULL, '{}', 3),
	('51f9c672-1b36-4da3-9ce3-52300f597045', 'people-images', '2eca3362-a925-455c-8542-35698084eabb/image/image_2122_1759737281492.=', NULL, '2025-10-06 07:54:41.517642+00', '2025-10-06 07:54:41.517642+00', '2025-10-06 07:54:41.517642+00', '{"eTag": "\"8102d0191d5142f03e369c5fbfd3fea3\"", "size": 14385, "mimetype": "image/png", "cacheControl": "max-age=3600", "lastModified": "2025-10-06T07:54:41.500Z", "contentLength": 14385, "httpStatusCode": 200}', 'ed14b052-f048-434b-bd09-55af0f53e4e1', NULL, '{}', 3),
	('993c570a-83f3-4a9e-aa73-ecad7df59c4f', 'people-images', '2eca3362-a925-455c-8542-35698084eabb/image/image_872_1759737248469.png', NULL, '2025-10-06 07:54:08.50123+00', '2025-10-06 07:54:08.50123+00', '2025-10-06 07:54:08.50123+00', '{"eTag": "\"eefc4d5774fa5578ffcdc9b9154e90bf\"", "size": 13428, "mimetype": "image/png", "cacheControl": "max-age=3600", "lastModified": "2025-10-06T07:54:08.490Z", "contentLength": 13428, "httpStatusCode": 200}', '5a94c837-6c22-4d35-aa53-4ddab9d47e54', NULL, '{}', 3),
	('c0bf2eb6-a543-4bab-b983-56808b1db7b5', 'people-images', '2eca3362-a925-455c-8542-35698084eabb/image/image_873_1759737248693.png', NULL, '2025-10-06 07:54:08.719671+00', '2025-10-06 07:54:08.719671+00', '2025-10-06 07:54:08.719671+00', '{"eTag": "\"854c51b5f625fd29e8723f09ca445906\"", "size": 16793, "mimetype": "image/png", "cacheControl": "max-age=3600", "lastModified": "2025-10-06T07:54:08.710Z", "contentLength": 16793, "httpStatusCode": 200}', '04ea46c3-84ef-4f6d-841a-e10320289267', NULL, '{}', 3),
	('69251b3f-6e06-40a6-a093-73e14ab72b50', 'people-images', '2eca3362-a925-455c-8542-35698084eabb/image/image_2157_1759737282178.jpeg', NULL, '2025-10-06 07:54:42.202629+00', '2025-10-06 07:54:42.202629+00', '2025-10-06 07:54:42.202629+00', '{"eTag": "\"00aff3c9eb2d770eaa44a0fcfc9bff51\"", "size": 56447, "mimetype": "image/jpeg", "cacheControl": "max-age=3600", "lastModified": "2025-10-06T07:54:42.190Z", "contentLength": 56447, "httpStatusCode": 200}', '61ee73bb-29b6-4bba-a9d5-a8d221c6646c', NULL, '{}', 3),
	('f21a0a84-4f5d-4d5f-abc6-30708e1bc6ef', 'people-images', '2eca3362-a925-455c-8542-35698084eabb/image/image_874_1759737248872.png', NULL, '2025-10-06 07:54:08.896286+00', '2025-10-06 07:54:08.896286+00', '2025-10-06 07:54:08.896286+00', '{"eTag": "\"7152f7342439be9a9d4c9221754f96eb\"", "size": 13235, "mimetype": "image/png", "cacheControl": "max-age=3600", "lastModified": "2025-10-06T07:54:08.880Z", "contentLength": 13235, "httpStatusCode": 200}', '7c28982b-1add-4cde-8867-881d7d9b270a', NULL, '{}', 3),
	('5b70df2e-7649-4559-a385-bc981d508aba', 'people-images', '2eca3362-a925-455c-8542-35698084eabb/image/image_875_1759737249063.png', NULL, '2025-10-06 07:54:09.094488+00', '2025-10-06 07:54:09.094488+00', '2025-10-06 07:54:09.094488+00', '{"eTag": "\"34aae2d5a595b21e3c8beddceaba2aa9\"", "size": 13534, "mimetype": "image/png", "cacheControl": "max-age=3600", "lastModified": "2025-10-06T07:54:09.080Z", "contentLength": 13534, "httpStatusCode": 200}', 'ea70ec89-700a-4b9f-ac58-d2fe3ce33e85', NULL, '{}', 3),
	('938fd05c-61b6-462f-8700-b07c4a92e4b5', 'people-images', '2eca3362-a925-455c-8542-35698084eabb/image/image_876_1759737249290.png', NULL, '2025-10-06 07:54:09.315189+00', '2025-10-06 07:54:09.315189+00', '2025-10-06 07:54:09.315189+00', '{"eTag": "\"410989ddc4f717dff33a3a66ad65428e\"", "size": 16318, "mimetype": "image/png", "cacheControl": "max-age=3600", "lastModified": "2025-10-06T07:54:09.300Z", "contentLength": 16318, "httpStatusCode": 200}', '54c1be77-59a7-4b08-8378-6967dee17535', NULL, '{}', 3),
	('ed7f906e-4cb1-4caf-801c-902d73cc0ba9', 'people-images', '2eca3362-a925-455c-8542-35698084eabb/image/image_877_1759737249498.png', NULL, '2025-10-06 07:54:09.529525+00', '2025-10-06 07:54:09.529525+00', '2025-10-06 07:54:09.529525+00', '{"eTag": "\"0117ca594c80e72f32b595aba022f11e\"", "size": 15307, "mimetype": "image/png", "cacheControl": "max-age=3600", "lastModified": "2025-10-06T07:54:09.520Z", "contentLength": 15307, "httpStatusCode": 200}', 'afa3c73e-0389-4cdc-a093-8bfc90480bcd', NULL, '{}', 3),
	('a8aaea81-0384-485b-b834-e6b4b581eaed', 'people-images', '2eca3362-a925-455c-8542-35698084eabb/image/image_878_1759737249694.png', NULL, '2025-10-06 07:54:09.721339+00', '2025-10-06 07:54:09.721339+00', '2025-10-06 07:54:09.721339+00', '{"eTag": "\"9ab6b2b68ee35182948f5d5686154995\"", "size": 14048, "mimetype": "image/png", "cacheControl": "max-age=3600", "lastModified": "2025-10-06T07:54:09.710Z", "contentLength": 14048, "httpStatusCode": 200}', 'd86220fc-1c08-4495-a5cc-e1cc966a8e9b', NULL, '{}', 3),
	('8742dd96-d995-491f-a528-1bcf4ac8e875', 'people-images', '2eca3362-a925-455c-8542-35698084eabb/image/image_879_1759737249881.png', NULL, '2025-10-06 07:54:09.918882+00', '2025-10-06 07:54:09.918882+00', '2025-10-06 07:54:09.918882+00', '{"eTag": "\"9b41b4ed74c19ff5c9cb18ff10425c59\"", "size": 17169, "mimetype": "image/png", "cacheControl": "max-age=3600", "lastModified": "2025-10-06T07:54:09.900Z", "contentLength": 17169, "httpStatusCode": 200}', '35576b90-f107-400a-ab3c-5e027e8470ed', NULL, '{}', 3),
	('33c5910d-c256-4649-8b60-da4763ec4ca9', 'people-images', '2eca3362-a925-455c-8542-35698084eabb/image/image_2178_1759737282643.=', NULL, '2025-10-06 07:54:42.667452+00', '2025-10-06 07:54:42.667452+00', '2025-10-06 07:54:42.667452+00', '{"eTag": "\"3ea472ff963c1970ae46eb77f6cbf719\"", "size": 49766, "mimetype": "image/png", "cacheControl": "max-age=3600", "lastModified": "2025-10-06T07:54:42.650Z", "contentLength": 49766, "httpStatusCode": 200}', '4af9bb9b-a3b2-4022-b2f6-0cec22511dc2', NULL, '{}', 3),
	('04bc224b-5f93-4a4f-a125-8ce96cc4b62c', 'people-images', '2eca3362-a925-455c-8542-35698084eabb/image/image_880_1759737250069.png', NULL, '2025-10-06 07:54:10.09952+00', '2025-10-06 07:54:10.09952+00', '2025-10-06 07:54:10.09952+00', '{"eTag": "\"f87818f1b8c4ae8c979f57bbc3bfddfb\"", "size": 11420, "mimetype": "image/png", "cacheControl": "max-age=3600", "lastModified": "2025-10-06T07:54:10.080Z", "contentLength": 11420, "httpStatusCode": 200}', '03771aa2-5fc1-4fcb-90ad-1bdca9caab4f', NULL, '{}', 3),
	('e1264bee-5064-458b-8a57-9e1888e04d05', 'people-images', '2eca3362-a925-455c-8542-35698084eabb/image/image_881_1759737250261.png', NULL, '2025-10-06 07:54:10.287812+00', '2025-10-06 07:54:10.287812+00', '2025-10-06 07:54:10.287812+00', '{"eTag": "\"cc595e59d2ec817b72ac21f9c65c18ac\"", "size": 17658, "mimetype": "image/png", "cacheControl": "max-age=3600", "lastModified": "2025-10-06T07:54:10.280Z", "contentLength": 17658, "httpStatusCode": 200}', '5c67acb8-f7d7-444c-981e-e12b33f10284', NULL, '{}', 3),
	('a9fd8b3e-cc47-444a-808e-4a9c31d1d383', 'people-images', '2eca3362-a925-455c-8542-35698084eabb/image/image_2271_1759737283749.jpeg', NULL, '2025-10-06 07:54:43.77264+00', '2025-10-06 07:54:43.77264+00', '2025-10-06 07:54:43.77264+00', '{"eTag": "\"44767e3e7f39094f8b7071c0449019f4\"", "size": 12171, "mimetype": "image/jpeg", "cacheControl": "max-age=3600", "lastModified": "2025-10-06T07:54:43.760Z", "contentLength": 12171, "httpStatusCode": 200}', '8575a6fe-e790-4b7d-abf0-466b3237d29c', NULL, '{}', 3),
	('d12eb2d7-0fce-44e7-b897-a13696a7c7e5', 'people-images', '2eca3362-a925-455c-8542-35698084eabb/image/image_882_1759737250454.png', NULL, '2025-10-06 07:54:10.479659+00', '2025-10-06 07:54:10.479659+00', '2025-10-06 07:54:10.479659+00', '{"eTag": "\"a67810294548da343e80c012075d1280\"", "size": 14363, "mimetype": "image/png", "cacheControl": "max-age=3600", "lastModified": "2025-10-06T07:54:10.470Z", "contentLength": 14363, "httpStatusCode": 200}', 'd03f6a44-8ced-45d7-b7c6-51ca8c54f863', NULL, '{}', 3),
	('bbc16923-9bcb-4dab-879f-f6c04653136a', 'people-images', '2eca3362-a925-455c-8542-35698084eabb/image/image_883_1759737250623.png', NULL, '2025-10-06 07:54:10.652604+00', '2025-10-06 07:54:10.652604+00', '2025-10-06 07:54:10.652604+00', '{"eTag": "\"65844957b99d680579e3afe263b13390\"", "size": 10869, "mimetype": "image/png", "cacheControl": "max-age=3600", "lastModified": "2025-10-06T07:54:10.640Z", "contentLength": 10869, "httpStatusCode": 200}', '87210cfd-21a0-4c62-8e82-2efdb816d00c', NULL, '{}', 3),
	('f9cab9dc-a2d8-4bde-ba1f-16fc9db193ce', 'people-images', '2eca3362-a925-455c-8542-35698084eabb/image/image_2272_1759737283970.jpeg', NULL, '2025-10-06 07:54:43.995395+00', '2025-10-06 07:54:43.995395+00', '2025-10-06 07:54:43.995395+00', '{"eTag": "\"dec679fd35bdfdff444b21a652793f97\"", "size": 76692, "mimetype": "image/jpeg", "cacheControl": "max-age=3600", "lastModified": "2025-10-06T07:54:43.980Z", "contentLength": 76692, "httpStatusCode": 200}', 'eb6a3b1e-cc64-409e-b582-f04e227b8bbc', NULL, '{}', 3),
	('a3dfbd10-86f6-4346-a7cc-b56fb1cbe50a', 'people-images', '2eca3362-a925-455c-8542-35698084eabb/image/image_884_1759737250820.png', NULL, '2025-10-06 07:54:10.84589+00', '2025-10-06 07:54:10.84589+00', '2025-10-06 07:54:10.84589+00', '{"eTag": "\"e357ee101fffeef672f09105c4e2f607\"", "size": 13333, "mimetype": "image/png", "cacheControl": "max-age=3600", "lastModified": "2025-10-06T07:54:10.830Z", "contentLength": 13333, "httpStatusCode": 200}', '1927940b-8207-41f0-b3bf-b7fb0100714d', NULL, '{}', 3),
	('38df34da-d627-4736-9aba-30505096b12a', 'people-images', '2eca3362-a925-455c-8542-35698084eabb/image/image_1097_1759737252889.png', NULL, '2025-10-06 07:54:12.915161+00', '2025-10-06 07:54:12.915161+00', '2025-10-06 07:54:12.915161+00', '{"eTag": "\"f9326e2a8073494a63acfa4309ad60d1\"", "size": 20164, "mimetype": "image/png", "cacheControl": "max-age=3600", "lastModified": "2025-10-06T07:54:12.900Z", "contentLength": 20164, "httpStatusCode": 200}', '13c8cb49-8e51-4e63-b4ad-7d08a1bf274b', NULL, '{}', 3),
	('9b3caa3a-b82a-4e35-8194-a00b935096fa', 'people-images', '2eca3362-a925-455c-8542-35698084eabb/image/image_1099_1759737253101.png', NULL, '2025-10-06 07:54:13.128371+00', '2025-10-06 07:54:13.128371+00', '2025-10-06 07:54:13.128371+00', '{"eTag": "\"58ae37a6e70d7e7bd4d285292726088f\"", "size": 17845, "mimetype": "image/png", "cacheControl": "max-age=3600", "lastModified": "2025-10-06T07:54:13.110Z", "contentLength": 17845, "httpStatusCode": 200}', '7ed9fee4-8a77-4d2d-a748-58f1c0d1f6c9', NULL, '{}', 3),
	('49df1a32-b922-4405-8e3d-cd0212fc566a', 'people-images', '2eca3362-a925-455c-8542-35698084eabb/image/image_1100_1759737253288.png', NULL, '2025-10-06 07:54:13.313523+00', '2025-10-06 07:54:13.313523+00', '2025-10-06 07:54:13.313523+00', '{"eTag": "\"54543b22592a33db91473523be7ad7b0\"", "size": 16678, "mimetype": "image/png", "cacheControl": "max-age=3600", "lastModified": "2025-10-06T07:54:13.300Z", "contentLength": 16678, "httpStatusCode": 200}', '0ae88034-7b33-4e40-9dc5-0d758fe21bfc', NULL, '{}', 3),
	('fd95bea0-5c21-45bb-940c-d00740a43f84', 'people-images', '2eca3362-a925-455c-8542-35698084eabb/image/image_1102_1759737253480.png', NULL, '2025-10-06 07:54:13.507284+00', '2025-10-06 07:54:13.507284+00', '2025-10-06 07:54:13.507284+00', '{"eTag": "\"724bf5996099c82aa8488cf7fea10af0\"", "size": 19452, "mimetype": "image/png", "cacheControl": "max-age=3600", "lastModified": "2025-10-06T07:54:13.490Z", "contentLength": 19452, "httpStatusCode": 200}', '52870c50-dee5-48b9-b4c8-c10992d2360f', NULL, '{}', 3),
	('a9239137-cdd9-4ff7-9afe-897fc7f00d9d', 'people-images', '2eca3362-a925-455c-8542-35698084eabb/image/image_1103_1759737253704.png', NULL, '2025-10-06 07:54:13.730181+00', '2025-10-06 07:54:13.730181+00', '2025-10-06 07:54:13.730181+00', '{"eTag": "\"5457ae701206ebde3bbc92d595d9e5bd\"", "size": 18032, "mimetype": "image/png", "cacheControl": "max-age=3600", "lastModified": "2025-10-06T07:54:13.720Z", "contentLength": 18032, "httpStatusCode": 200}', '773e80b9-6b07-49d4-9019-2ac18cc13ec6', NULL, '{}', 3),
	('fd050ab6-0dc1-4222-98db-1f0d705822b9', 'people-images', '2eca3362-a925-455c-8542-35698084eabb/image/image_1105_1759737253908.png', NULL, '2025-10-06 07:54:13.938859+00', '2025-10-06 07:54:13.938859+00', '2025-10-06 07:54:13.938859+00', '{"eTag": "\"3353f6f98fa43c510ab9988b7fbed63f\"", "size": 16298, "mimetype": "image/png", "cacheControl": "max-age=3600", "lastModified": "2025-10-06T07:54:13.920Z", "contentLength": 16298, "httpStatusCode": 200}', 'a26b1a5d-002c-43ad-8d54-19afb12f99cf', NULL, '{}', 3),
	('16a93243-d592-4ddc-ad96-f82cf999e129', 'people-images', '2eca3362-a925-455c-8542-35698084eabb/image/image_2273_1759737284151.jpeg', NULL, '2025-10-06 07:54:44.1744+00', '2025-10-06 07:54:44.1744+00', '2025-10-06 07:54:44.1744+00', '{"eTag": "\"8493a48545dea4f05571c5ad54dcd4cf\"", "size": 15346, "mimetype": "image/jpeg", "cacheControl": "max-age=3600", "lastModified": "2025-10-06T07:54:44.160Z", "contentLength": 15346, "httpStatusCode": 200}', '5888360a-17ed-4e0c-b8b3-7de35fda0bdc', NULL, '{}', 3),
	('666586f7-6cdc-4759-b1c5-8506115f8a8a', 'people-images', '2eca3362-a925-455c-8542-35698084eabb/image/image_1106_1759737254120.png', NULL, '2025-10-06 07:54:14.144087+00', '2025-10-06 07:54:14.144087+00', '2025-10-06 07:54:14.144087+00', '{"eTag": "\"f285b6ff5b07acaf6bdf8e7390e12674\"", "size": 15000, "mimetype": "image/png", "cacheControl": "max-age=3600", "lastModified": "2025-10-06T07:54:14.130Z", "contentLength": 15000, "httpStatusCode": 200}', 'fc9eaef0-9799-4000-93d8-bc612a8d90f2', NULL, '{}', 3),
	('e94d87ef-da01-4c2b-a515-94d05ded8d2a', 'people-images', '2eca3362-a925-455c-8542-35698084eabb/image/image_1108_1759737254308.png', NULL, '2025-10-06 07:54:14.332004+00', '2025-10-06 07:54:14.332004+00', '2025-10-06 07:54:14.332004+00', '{"eTag": "\"fec7230dc26ebf8f8133d59c4ce6d38c\"", "size": 17011, "mimetype": "image/png", "cacheControl": "max-age=3600", "lastModified": "2025-10-06T07:54:14.320Z", "contentLength": 17011, "httpStatusCode": 200}', '06021dfa-2cda-42fc-93ad-ceccbf0087b9', NULL, '{}', 3),
	('b433e8e9-ccb0-4f65-afea-26ad95640f54', 'people-images', '2eca3362-a925-455c-8542-35698084eabb/image/image_2290_1759737284547.=', NULL, '2025-10-06 07:54:44.577467+00', '2025-10-06 07:54:44.577467+00', '2025-10-06 07:54:44.577467+00', '{"eTag": "\"92de7bff4b3dccf08d1fa4ce5388a14d\"", "size": 91275, "mimetype": "image/png", "cacheControl": "max-age=3600", "lastModified": "2025-10-06T07:54:44.560Z", "contentLength": 91275, "httpStatusCode": 200}', '9d09fffc-6207-48af-9765-644cec75e787', NULL, '{}', 3),
	('a05a9c08-fc9c-41e1-9350-d582e17d32f0', 'people-images', '2eca3362-a925-455c-8542-35698084eabb/image/image_1109_1759737254598.png', NULL, '2025-10-06 07:54:14.625397+00', '2025-10-06 07:54:14.625397+00', '2025-10-06 07:54:14.625397+00', '{"eTag": "\"d756044663fd37856e6b36bef436a33c\"", "size": 17816, "mimetype": "image/png", "cacheControl": "max-age=3600", "lastModified": "2025-10-06T07:54:14.610Z", "contentLength": 17816, "httpStatusCode": 200}', '923d614f-01cb-4ba3-a9b7-2e7c17cc8cb3', NULL, '{}', 3),
	('74ef93f7-cab3-4da3-a8ca-99f8e74d45ab', 'people-images', '2eca3362-a925-455c-8542-35698084eabb/image/image_1110_1759737254809.png', NULL, '2025-10-06 07:54:14.8342+00', '2025-10-06 07:54:14.8342+00', '2025-10-06 07:54:14.8342+00', '{"eTag": "\"9443913e2f7cf9ed79ababcb2ae07e88\"", "size": 16412, "mimetype": "image/png", "cacheControl": "max-age=3600", "lastModified": "2025-10-06T07:54:14.820Z", "contentLength": 16412, "httpStatusCode": 200}', '4d615354-9258-41dd-a3e7-83d4f825cdc9', NULL, '{}', 3),
	('0f644db6-54ff-4b68-aadc-b3caba135c33', 'people-images', '2eca3362-a925-455c-8542-35698084eabb/image/image_1112_1759737255081.png', NULL, '2025-10-06 07:54:15.107819+00', '2025-10-06 07:54:15.107819+00', '2025-10-06 07:54:15.107819+00', '{"eTag": "\"d22b512f5db656bd134dc96ac93a43e5\"", "size": 16639, "mimetype": "image/png", "cacheControl": "max-age=3600", "lastModified": "2025-10-06T07:54:15.090Z", "contentLength": 16639, "httpStatusCode": 200}', '639bd5ff-34c7-4e84-af1a-390485ff8acb', NULL, '{}', 3),
	('a1d12d0e-31c1-4d5e-9a9e-f246149cd6e7', 'people-images', '2eca3362-a925-455c-8542-35698084eabb/image/image_1115_1759737255271.png', NULL, '2025-10-06 07:54:15.29649+00', '2025-10-06 07:54:15.29649+00', '2025-10-06 07:54:15.29649+00', '{"eTag": "\"484eb245fc7ae6f42d6a421987602b77\"", "size": 17584, "mimetype": "image/png", "cacheControl": "max-age=3600", "lastModified": "2025-10-06T07:54:15.280Z", "contentLength": 17584, "httpStatusCode": 200}', '0a56ad6a-2865-421e-97d8-5d570dc25569', NULL, '{}', 3),
	('e0bc4788-7894-4790-bd76-767d80e214db', 'people-images', '2eca3362-a925-455c-8542-35698084eabb/image/image_1118_1759737255491.png', NULL, '2025-10-06 07:54:15.517212+00', '2025-10-06 07:54:15.517212+00', '2025-10-06 07:54:15.517212+00', '{"eTag": "\"142207358a23ed72ce210177aebfd8fa\"", "size": 20594, "mimetype": "image/png", "cacheControl": "max-age=3600", "lastModified": "2025-10-06T07:54:15.500Z", "contentLength": 20594, "httpStatusCode": 200}', '37588a15-97ca-4af0-8de6-22cdc79b5ad6', NULL, '{}', 3),
	('3302f3f9-f8bc-4064-8515-1251a9965521', 'people-images', '2eca3362-a925-455c-8542-35698084eabb/image/image_1121_1759737255736.png', NULL, '2025-10-06 07:54:15.762679+00', '2025-10-06 07:54:15.762679+00', '2025-10-06 07:54:15.762679+00', '{"eTag": "\"4dc44af34ddaf1e9116727faa05fcfca\"", "size": 17412, "mimetype": "image/png", "cacheControl": "max-age=3600", "lastModified": "2025-10-06T07:54:15.750Z", "contentLength": 17412, "httpStatusCode": 200}', 'd501dece-ba5d-4e18-9e18-b9299e71436f', NULL, '{}', 3),
	('74795d4c-66ed-4202-acb7-b4da3f0d31c0', 'people-images', '2eca3362-a925-455c-8542-35698084eabb/image/image_2372_1759737285785.jpg', NULL, '2025-10-06 07:54:45.808888+00', '2025-10-06 07:54:45.808888+00', '2025-10-06 07:54:45.808888+00', '{"eTag": "\"a48574a488212c761bd2f6bb1e3ad8e5\"", "size": 36434, "mimetype": "image/jpeg", "cacheControl": "max-age=3600", "lastModified": "2025-10-06T07:54:45.800Z", "contentLength": 36434, "httpStatusCode": 200}', 'fe19a122-7319-405e-96b5-a768cf69750f', NULL, '{}', 3),
	('745bf203-b6d2-4ba7-8ac3-43480000fa83', 'people-images', '2eca3362-a925-455c-8542-35698084eabb/image/image_1123_1759737256080.png', NULL, '2025-10-06 07:54:16.114916+00', '2025-10-06 07:54:16.114916+00', '2025-10-06 07:54:16.114916+00', '{"eTag": "\"d11ba650cab7b976448af020cdb8bd2b\"", "size": 17864, "mimetype": "image/png", "cacheControl": "max-age=3600", "lastModified": "2025-10-06T07:54:16.100Z", "contentLength": 17864, "httpStatusCode": 200}', 'e74bc058-0cc8-4eb9-aa23-458e327c87e1', NULL, '{}', 3),
	('50f48556-b886-4f59-8641-6087a538c7eb', 'people-images', '2eca3362-a925-455c-8542-35698084eabb/image/image_1125_1759737256452.png', NULL, '2025-10-06 07:54:16.478275+00', '2025-10-06 07:54:16.478275+00', '2025-10-06 07:54:16.478275+00', '{"eTag": "\"b03bdd0c673877c7fd82726f2357d023\"", "size": 18016, "mimetype": "image/png", "cacheControl": "max-age=3600", "lastModified": "2025-10-06T07:54:16.460Z", "contentLength": 18016, "httpStatusCode": 200}', '544bc199-15b5-461f-9fcb-26baa4f3c976', NULL, '{}', 3),
	('a7235c8d-d30f-4162-aa18-6535246b821e', 'people-images', '2eca3362-a925-455c-8542-35698084eabb/image/image_2429_1759737286702.=', NULL, '2025-10-06 07:54:46.725433+00', '2025-10-06 07:54:46.725433+00', '2025-10-06 07:54:46.725433+00', '{"eTag": "\"4d22c2996fdf5cbea155cf274117ab08\"", "size": 30667, "mimetype": "image/png", "cacheControl": "max-age=3600", "lastModified": "2025-10-06T07:54:46.710Z", "contentLength": 30667, "httpStatusCode": 200}', '9270071d-27e5-4e9e-bd48-a1b2f2916516', NULL, '{}', 3),
	('82d7799b-15bb-4b92-bdb8-8ac3dc63aeb7', 'people-images', '2eca3362-a925-455c-8542-35698084eabb/image/image_1127_1759737256669.png', NULL, '2025-10-06 07:54:16.692954+00', '2025-10-06 07:54:16.692954+00', '2025-10-06 07:54:16.692954+00', '{"eTag": "\"a3196c2076478c0d84254ada01549d06\"", "size": 15162, "mimetype": "image/png", "cacheControl": "max-age=3600", "lastModified": "2025-10-06T07:54:16.680Z", "contentLength": 15162, "httpStatusCode": 200}', 'b432c178-98ad-4b36-86ff-c1ec6ad3f493', NULL, '{}', 3),
	('81284111-37ef-4ffb-8e74-b2e3edb0e08a', 'people-images', '2eca3362-a925-455c-8542-35698084eabb/image/image_1128_1759737256840.png', NULL, '2025-10-06 07:54:16.867234+00', '2025-10-06 07:54:16.867234+00', '2025-10-06 07:54:16.867234+00', '{"eTag": "\"1438bab41e733190e2d2449dfde92f24\"", "size": 15794, "mimetype": "image/png", "cacheControl": "max-age=3600", "lastModified": "2025-10-06T07:54:16.850Z", "contentLength": 15794, "httpStatusCode": 200}', 'dfa2e04d-e82e-48b3-8b01-6acf339fe1c8', NULL, '{}', 3),
	('41a8e30a-3fb2-4aa6-9940-b7f766f7fb98', 'people-images', '2eca3362-a925-455c-8542-35698084eabb/image/image_2430_1759737286886.=', NULL, '2025-10-06 07:54:46.916128+00', '2025-10-06 07:54:46.916128+00', '2025-10-06 07:54:46.916128+00', '{"eTag": "\"0bdaa2ddf444a24610f1ce53949c9c1f\"", "size": 26200, "mimetype": "image/png", "cacheControl": "max-age=3600", "lastModified": "2025-10-06T07:54:46.900Z", "contentLength": 26200, "httpStatusCode": 200}', '1d4dea54-7da9-4736-91c0-cd4a6ad8990e', NULL, '{}', 3),
	('1bf730d1-7fd6-4efe-86f8-152abe5887df', 'people-images', '2eca3362-a925-455c-8542-35698084eabb/image/image_1129_1759737257038.png', NULL, '2025-10-06 07:54:17.064112+00', '2025-10-06 07:54:17.064112+00', '2025-10-06 07:54:17.064112+00', '{"eTag": "\"23ae6965933f5fc4cf5cc91043ec5558\"", "size": 15367, "mimetype": "image/png", "cacheControl": "max-age=3600", "lastModified": "2025-10-06T07:54:17.050Z", "contentLength": 15367, "httpStatusCode": 200}', '8f54ff63-7a88-490d-90d3-aa5f77d62a7d', NULL, '{}', 3),
	('7dfffdbc-b789-4f83-a9a1-e45a8207dee4', 'people-images', '2eca3362-a925-455c-8542-35698084eabb/image/image_1130_1759737257255.png', NULL, '2025-10-06 07:54:17.283274+00', '2025-10-06 07:54:17.283274+00', '2025-10-06 07:54:17.283274+00', '{"eTag": "\"bda3dc83896bb167c52afc22ea1291fa\"", "size": 17943, "mimetype": "image/png", "cacheControl": "max-age=3600", "lastModified": "2025-10-06T07:54:17.270Z", "contentLength": 17943, "httpStatusCode": 200}', 'a3019842-8adb-47ab-b8eb-d59e82390367', NULL, '{}', 3),
	('d6af501a-7f90-4628-8313-7ae4552d5919', 'people-images', '2eca3362-a925-455c-8542-35698084eabb/image/image_1149_1759737257630.png', NULL, '2025-10-06 07:54:17.655306+00', '2025-10-06 07:54:17.655306+00', '2025-10-06 07:54:17.655306+00', '{"eTag": "\"f37c3bbde1df125eb89c5b902f70e2a5\"", "size": 15844, "mimetype": "image/png", "cacheControl": "max-age=3600", "lastModified": "2025-10-06T07:54:17.640Z", "contentLength": 15844, "httpStatusCode": 200}', '0de427ee-0a38-4177-9119-34625dcaed17', NULL, '{}', 3),
	('16bf814d-86d1-428b-a425-e4f39c0fe825', 'people-images', '2eca3362-a925-455c-8542-35698084eabb/image/image_1151_1759737257820.png', NULL, '2025-10-06 07:54:17.863517+00', '2025-10-06 07:54:17.863517+00', '2025-10-06 07:54:17.863517+00', '{"eTag": "\"729ad53f51a2b2dcf468be513238728f\"", "size": 19055, "mimetype": "image/png", "cacheControl": "max-age=3600", "lastModified": "2025-10-06T07:54:17.850Z", "contentLength": 19055, "httpStatusCode": 200}', 'fe8f357d-929e-4efa-b71d-165303798dd3', NULL, '{}', 3),
	('ab6ad062-52a1-4126-b545-7aff1bdbd103', 'people-images', '2eca3362-a925-455c-8542-35698084eabb/image/image_1713_1759737268093.png', NULL, '2025-10-06 07:54:28.173982+00', '2025-10-06 07:54:28.173982+00', '2025-10-06 07:54:28.173982+00', '{"eTag": "\"6bdae93a4eff732e0d5e700101e7b10e\"", "size": 142173, "mimetype": "image/png", "cacheControl": "max-age=3600", "lastModified": "2025-10-06T07:54:28.160Z", "contentLength": 142173, "httpStatusCode": 200}', 'a349f079-270a-4e68-a66a-ab2ca9eafce4', NULL, '{}', 3),
	('841edb6c-38ac-4328-8a6b-75f20dd29151', 'people-images', '2eca3362-a925-455c-8542-35698084eabb/image/image_1714_1759737268465.png', NULL, '2025-10-06 07:54:28.527829+00', '2025-10-06 07:54:28.527829+00', '2025-10-06 07:54:28.527829+00', '{"eTag": "\"a3a45cc05d52810a19630e50999aa8fa\"", "size": 172386, "mimetype": "image/png", "cacheControl": "max-age=3600", "lastModified": "2025-10-06T07:54:28.510Z", "contentLength": 172386, "httpStatusCode": 200}', '46071e9e-4c1f-49a9-81ac-413bfb1f75b8', NULL, '{}', 3),
	('ca9736cb-4e6c-40c3-a27b-804159d8803c', 'people-images', '2eca3362-a925-455c-8542-35698084eabb/image/image_2431_1759737287091.=', NULL, '2025-10-06 07:54:47.119409+00', '2025-10-06 07:54:47.119409+00', '2025-10-06 07:54:47.119409+00', '{"eTag": "\"53602d9998b5eece5e2e0067a6baf738\"", "size": 28727, "mimetype": "image/png", "cacheControl": "max-age=3600", "lastModified": "2025-10-06T07:54:47.100Z", "contentLength": 28727, "httpStatusCode": 200}', 'bd0e1c7c-c56b-4b75-bbc6-5519a4201fd6', NULL, '{}', 3),
	('b7c25629-0e27-4c7f-8fc6-697c119e7163', 'people-images', '2eca3362-a925-455c-8542-35698084eabb/image/image_1715_1759737268778.png', NULL, '2025-10-06 07:54:28.809308+00', '2025-10-06 07:54:28.809308+00', '2025-10-06 07:54:28.809308+00', '{"eTag": "\"a4343feb3e7dc36582ffae93971b6522\"", "size": 190270, "mimetype": "image/png", "cacheControl": "max-age=3600", "lastModified": "2025-10-06T07:54:28.800Z", "contentLength": 190270, "httpStatusCode": 200}', '84accca5-72e6-4d38-b3d8-ee95927bd048', NULL, '{}', 3),
	('8cb2b47b-43bb-4aea-b5af-0807047f3446', 'people-images', '2eca3362-a925-455c-8542-35698084eabb/image/image_1716_1759737269036.png', NULL, '2025-10-06 07:54:29.095549+00', '2025-10-06 07:54:29.095549+00', '2025-10-06 07:54:29.095549+00', '{"eTag": "\"dae5ac7b6672bb7e189335946cc64898\"", "size": 211741, "mimetype": "image/png", "cacheControl": "max-age=3600", "lastModified": "2025-10-06T07:54:29.080Z", "contentLength": 211741, "httpStatusCode": 200}', '308cf74a-513d-4a2c-8fdb-c60e49759da0', NULL, '{}', 3),
	('2b2a35f5-be8d-4c24-92f0-61e7987451e6', 'people-images', '2eca3362-a925-455c-8542-35698084eabb/image/image_2432_1759737287289.=', NULL, '2025-10-06 07:54:47.320583+00', '2025-10-06 07:54:47.320583+00', '2025-10-06 07:54:47.320583+00', '{"eTag": "\"642a38d6cee3a70bdbf72dcca893a9ff\"", "size": 55540, "mimetype": "image/png", "cacheControl": "max-age=3600", "lastModified": "2025-10-06T07:54:47.310Z", "contentLength": 55540, "httpStatusCode": 200}', '4260a855-cbde-4506-af75-d6a2ced382cd', NULL, '{}', 3),
	('b76906ee-f66d-4eac-8e4c-761af45c8931', 'people-images', '2eca3362-a925-455c-8542-35698084eabb/image/image_1831_1759737270550.=', NULL, '2025-10-06 07:54:30.5846+00', '2025-10-06 07:54:30.5846+00', '2025-10-06 07:54:30.5846+00', '{"eTag": "\"2893e2cb4905ccfbb9337212462b9b9a\"", "size": 147023, "mimetype": "image/png", "cacheControl": "max-age=3600", "lastModified": "2025-10-06T07:54:30.570Z", "contentLength": 147023, "httpStatusCode": 200}', 'e3554ca0-3c67-4b4f-bc81-e062a2f944ab', NULL, '{}', 3),
	('fbdff2db-23e5-498f-8ef2-d34ff73f1970', 'people-images', '2eca3362-a925-455c-8542-35698084eabb/image/image_1881_1759737271362.jpeg', NULL, '2025-10-06 07:54:31.390747+00', '2025-10-06 07:54:31.390747+00', '2025-10-06 07:54:31.390747+00', '{"eTag": "\"c316c8666c341f4b037f2088cfcdd954\"", "size": 42017, "mimetype": "image/jpeg", "cacheControl": "max-age=3600", "lastModified": "2025-10-06T07:54:31.380Z", "contentLength": 42017, "httpStatusCode": 200}', 'b32a3d48-1582-428e-b44c-43a5013cf5d0', NULL, '{}', 3),
	('4e136716-a2f2-47ee-93e2-7a4aa1bcac79', 'people-images', '2eca3362-a925-455c-8542-35698084eabb/image/image_2433_1759737287584.=', NULL, '2025-10-06 07:54:47.60768+00', '2025-10-06 07:54:47.60768+00', '2025-10-06 07:54:47.60768+00', '{"eTag": "\"7db2cc1167b9be7a32f391556bab8cd6\"", "size": 30643, "mimetype": "image/png", "cacheControl": "max-age=3600", "lastModified": "2025-10-06T07:54:47.590Z", "contentLength": 30643, "httpStatusCode": 200}', 'e5cd40da-82dc-4b3f-8cdb-0fd3e3108475', NULL, '{}', 3),
	('611e486d-42fa-47dd-9f12-e0bbae023ec5', 'people-images', '2eca3362-a925-455c-8542-35698084eabb/image/image_1888_1759737271798.jpeg', NULL, '2025-10-06 07:54:31.827727+00', '2025-10-06 07:54:31.827727+00', '2025-10-06 07:54:31.827727+00', '{"eTag": "\"d11bdc6423e0bb226ef37d7545545d82\"", "size": 30506, "mimetype": "image/jpeg", "cacheControl": "max-age=3600", "lastModified": "2025-10-06T07:54:31.810Z", "contentLength": 30506, "httpStatusCode": 200}', '6382739b-2881-49bb-921e-115cd24ca326', NULL, '{}', 3),
	('f6f272f3-2fc3-4089-b955-a4b61aa60c37', 'people-images', '2eca3362-a925-455c-8542-35698084eabb/image/image_1892_1759737272060.=', NULL, '2025-10-06 07:54:32.093122+00', '2025-10-06 07:54:32.093122+00', '2025-10-06 07:54:32.093122+00', '{"eTag": "\"4d9c372a21867f66b0e0ea16eec2e294\"", "size": 22335, "mimetype": "image/png", "cacheControl": "max-age=3600", "lastModified": "2025-10-06T07:54:32.080Z", "contentLength": 22335, "httpStatusCode": 200}', 'f9cc9c0f-4aaa-4f88-88ce-e111b5229b76', NULL, '{}', 3),
	('d0659137-ad30-4e11-a8c5-a2069fdc8344', 'people-images', '2eca3362-a925-455c-8542-35698084eabb/image/image_1893_1759737272287.=', NULL, '2025-10-06 07:54:32.319499+00', '2025-10-06 07:54:32.319499+00', '2025-10-06 07:54:32.319499+00', '{"eTag": "\"b0bcd390877f93aeb2af5af033bbbac9\"", "size": 21610, "mimetype": "image/png", "cacheControl": "max-age=3600", "lastModified": "2025-10-06T07:54:32.310Z", "contentLength": 21610, "httpStatusCode": 200}', 'd454a20c-1356-433b-86b3-c585c7717b31', NULL, '{}', 3),
	('a0f54a60-e379-4207-80c1-ff7f86dcecb6', 'people-images', '2eca3362-a925-455c-8542-35698084eabb/image/image_1894_1759737272472.=', NULL, '2025-10-06 07:54:32.505044+00', '2025-10-06 07:54:32.505044+00', '2025-10-06 07:54:32.505044+00', '{"eTag": "\"d893214236a1b0201cbba71ce83a26cc\"", "size": 21934, "mimetype": "image/png", "cacheControl": "max-age=3600", "lastModified": "2025-10-06T07:54:32.490Z", "contentLength": 21934, "httpStatusCode": 200}', '65857d15-4c19-4af3-8e89-5fd8a2657a4d', NULL, '{}', 3),
	('59ece74a-15c8-48b8-b6cc-6f77ecd29d4a', 'people-images', '2eca3362-a925-455c-8542-35698084eabb/image/image_1895_1759737272776.=', NULL, '2025-10-06 07:54:32.805119+00', '2025-10-06 07:54:32.805119+00', '2025-10-06 07:54:32.805119+00', '{"eTag": "\"381201f005bf4d6b4320e1553ba87299\"", "size": 27721, "mimetype": "image/png", "cacheControl": "max-age=3600", "lastModified": "2025-10-06T07:54:32.790Z", "contentLength": 27721, "httpStatusCode": 200}', 'be0273d0-b982-431f-8d7c-8a31d2a40f24', NULL, '{}', 3),
	('2e54a14b-4d09-4020-9620-be2beffc86d6', 'people-images', '2eca3362-a925-455c-8542-35698084eabb/image/image_1896_1759737272964.=', NULL, '2025-10-06 07:54:32.995604+00', '2025-10-06 07:54:32.995604+00', '2025-10-06 07:54:32.995604+00', '{"eTag": "\"f407650caaa3035d763e62d3829df165\"", "size": 27398, "mimetype": "image/png", "cacheControl": "max-age=3600", "lastModified": "2025-10-06T07:54:32.980Z", "contentLength": 27398, "httpStatusCode": 200}', '01e1e4c7-7549-4aca-b75a-07e9add0da3e', NULL, '{}', 3),
	('ac1038bf-f2b3-42db-bb7f-bb5a85f60464', 'people-images', '2eca3362-a925-455c-8542-35698084eabb/image/image_1897_1759737273136.=', NULL, '2025-10-06 07:54:33.163735+00', '2025-10-06 07:54:33.163735+00', '2025-10-06 07:54:33.163735+00', '{"eTag": "\"efb6846b2e9fd836cdc1d53c25167c0e\"", "size": 21959, "mimetype": "image/png", "cacheControl": "max-age=3600", "lastModified": "2025-10-06T07:54:33.150Z", "contentLength": 21959, "httpStatusCode": 200}', '4ea8c293-6c89-4ae3-9fab-8b5976448189', NULL, '{}', 3),
	('d062eb4e-8b54-48be-8527-7d00bf85943f', 'people-images', '2eca3362-a925-455c-8542-35698084eabb/image/image_2574_1759737289546.jpg', NULL, '2025-10-06 07:54:49.579696+00', '2025-10-06 07:54:49.579696+00', '2025-10-06 07:54:49.579696+00', '{"eTag": "\"78d9d6e1c57eb07786cc164839593ca4\"", "size": 324008, "mimetype": "image/jpeg", "cacheControl": "max-age=3600", "lastModified": "2025-10-06T07:54:49.560Z", "contentLength": 324008, "httpStatusCode": 200}', '33da7cd7-f645-4f6d-a224-307a86617dcd', NULL, '{}', 3),
	('e4198c29-f03b-40e5-8918-d21a3c63479b', 'people-images', '2eca3362-a925-455c-8542-35698084eabb/image/image_1898_1759737273363.=', NULL, '2025-10-06 07:54:33.400628+00', '2025-10-06 07:54:33.400628+00', '2025-10-06 07:54:33.400628+00', '{"eTag": "\"c253ec7901035d6172a5ecd1fdfdd5ef\"", "size": 27319, "mimetype": "image/png", "cacheControl": "max-age=3600", "lastModified": "2025-10-06T07:54:33.390Z", "contentLength": 27319, "httpStatusCode": 200}', '1621d9d1-dd4b-4563-85bc-a0ba26007a31', NULL, '{}', 3),
	('8aaa4f44-5bb9-493b-9c92-6c24444d1ff3', 'people-images', '2eca3362-a925-455c-8542-35698084eabb/image/image_1899_1759737273597.=', NULL, '2025-10-06 07:54:33.623872+00', '2025-10-06 07:54:33.623872+00', '2025-10-06 07:54:33.623872+00', '{"eTag": "\"ef5f9d3f17435dcaf51c45749e98831b\"", "size": 21476, "mimetype": "image/png", "cacheControl": "max-age=3600", "lastModified": "2025-10-06T07:54:33.610Z", "contentLength": 21476, "httpStatusCode": 200}', '9a1da45d-2920-4cb8-8713-81e4d266dd45', NULL, '{}', 3),
	('91e7b18d-c0f4-47c5-a437-b8bd05ae626f', 'people-images', '2eca3362-a925-455c-8542-35698084eabb/image/image_2585_1759737289978.=', NULL, '2025-10-06 07:54:50.007909+00', '2025-10-06 07:54:50.007909+00', '2025-10-06 07:54:50.007909+00', '{"eTag": "\"825138020cf943675725c3b0c99225ae\"", "size": 26642, "mimetype": "image/png", "cacheControl": "max-age=3600", "lastModified": "2025-10-06T07:54:49.990Z", "contentLength": 26642, "httpStatusCode": 200}', '03c51c6a-dfb0-44cf-837c-4ea2d51173a5', NULL, '{}', 3),
	('73213774-9382-40ba-9f85-4665cc460b70', 'people-images', '2eca3362-a925-455c-8542-35698084eabb/image/image_1900_1759737273781.=', NULL, '2025-10-06 07:54:33.809679+00', '2025-10-06 07:54:33.809679+00', '2025-10-06 07:54:33.809679+00', '{"eTag": "\"58cb63d4e85026aede3920e6f84da57b\"", "size": 19293, "mimetype": "image/png", "cacheControl": "max-age=3600", "lastModified": "2025-10-06T07:54:33.800Z", "contentLength": 19293, "httpStatusCode": 200}', 'e75dc5db-0cad-4778-a6e7-a9b02c1e571f', NULL, '{}', 3),
	('979108af-43b7-4e0b-a996-19870cfd3f1a', 'people-images', '2eca3362-a925-455c-8542-35698084eabb/image/image_1901_1759737273976.=', NULL, '2025-10-06 07:54:34.006843+00', '2025-10-06 07:54:34.006843+00', '2025-10-06 07:54:34.006843+00', '{"eTag": "\"b9fd3446e97865ed4e2efdf789d7474b\"", "size": 18510, "mimetype": "image/png", "cacheControl": "max-age=3600", "lastModified": "2025-10-06T07:54:33.990Z", "contentLength": 18510, "httpStatusCode": 200}', '4de7da7b-a61f-4cb3-ad63-d3005f68b7b9', NULL, '{}', 3),
	('2d42caf0-f397-4d8a-92d8-c6791b6d08ac', 'people-images', '2eca3362-a925-455c-8542-35698084eabb/image/image_1902_1759737274219.=', NULL, '2025-10-06 07:54:34.243322+00', '2025-10-06 07:54:34.243322+00', '2025-10-06 07:54:34.243322+00', '{"eTag": "\"e490d5c96e16806dd267afa9c5c6aa97\"", "size": 25190, "mimetype": "image/png", "cacheControl": "max-age=3600", "lastModified": "2025-10-06T07:54:34.230Z", "contentLength": 25190, "httpStatusCode": 200}', 'ede84d48-69c2-49de-a9e0-59603e611360', NULL, '{}', 3),
	('b3a754ae-dcb1-426f-9d46-5e1b1818ad30', 'people-images', '2eca3362-a925-455c-8542-35698084eabb/image/image_1903_1759737274424.=', NULL, '2025-10-06 07:54:34.45195+00', '2025-10-06 07:54:34.45195+00', '2025-10-06 07:54:34.45195+00', '{"eTag": "\"0d035f677381f3d9a34b51c82c87ab8a\"", "size": 34319, "mimetype": "image/png", "cacheControl": "max-age=3600", "lastModified": "2025-10-06T07:54:34.440Z", "contentLength": 34319, "httpStatusCode": 200}', '87fc7df0-0e1e-4d64-8add-57e61d33cec5', NULL, '{}', 3),
	('fefa9c0f-de3f-41ce-b7e0-5477c172c8a0', 'people-images', '2eca3362-a925-455c-8542-35698084eabb/image/image_1904_1759737274690.=', NULL, '2025-10-06 07:54:34.715354+00', '2025-10-06 07:54:34.715354+00', '2025-10-06 07:54:34.715354+00', '{"eTag": "\"5092ed109697d37210e5385a80cecc89\"", "size": 35317, "mimetype": "image/png", "cacheControl": "max-age=3600", "lastModified": "2025-10-06T07:54:34.700Z", "contentLength": 35317, "httpStatusCode": 200}', '5dc6e4bb-8079-4003-ac3d-72bc391baa5a', NULL, '{}', 3),
	('60dcb7ef-7a4e-47b5-9284-46046a45ceb7', 'people-images', '2eca3362-a925-455c-8542-35698084eabb/image/image_1905_1759737274933.=', NULL, '2025-10-06 07:54:34.959091+00', '2025-10-06 07:54:34.959091+00', '2025-10-06 07:54:34.959091+00', '{"eTag": "\"f0b68a8937ee9c194d65eeaff358a1d8\"", "size": 33968, "mimetype": "image/png", "cacheControl": "max-age=3600", "lastModified": "2025-10-06T07:54:34.950Z", "contentLength": 33968, "httpStatusCode": 200}', '13afa8f7-1827-42d4-b38c-94838f2e3a88', NULL, '{}', 3),
	('c29ab326-766c-4e70-880c-23167af27a72', 'people-images', '2eca3362-a925-455c-8542-35698084eabb/image/image_2620_1759737290675.jpeg', NULL, '2025-10-06 07:54:50.713233+00', '2025-10-06 07:54:50.713233+00', '2025-10-06 07:54:50.713233+00', '{"eTag": "\"31a45245c403e8a6f4144150de208d6b\"", "size": 196953, "mimetype": "image/jpeg", "cacheControl": "max-age=3600", "lastModified": "2025-10-06T07:54:50.700Z", "contentLength": 196953, "httpStatusCode": 200}', 'b445d6b5-0883-4e52-bf7d-c95951c25b16', NULL, '{}', 3),
	('d9b16ae0-5c92-4ed6-b7e9-98dfc8911a19', 'people-images', '2eca3362-a925-455c-8542-35698084eabb/image/image_1906_1759737275137.=', NULL, '2025-10-06 07:54:35.163694+00', '2025-10-06 07:54:35.163694+00', '2025-10-06 07:54:35.163694+00', '{"eTag": "\"0a210f55175d219ee0c2b909da5d02cc\"", "size": 36963, "mimetype": "image/png", "cacheControl": "max-age=3600", "lastModified": "2025-10-06T07:54:35.150Z", "contentLength": 36963, "httpStatusCode": 200}', 'bdeb789d-e636-44f2-b89c-80011b1d8f6f', NULL, '{}', 3),
	('49fb650b-4a6b-4c5b-9fa2-a8829e837515', 'people-images', '2eca3362-a925-455c-8542-35698084eabb/image/image_1907_1759737275328.=', NULL, '2025-10-06 07:54:35.356551+00', '2025-10-06 07:54:35.356551+00', '2025-10-06 07:54:35.356551+00', '{"eTag": "\"bcfc499180ae56cd6763690e5b92e476\"", "size": 41448, "mimetype": "image/png", "cacheControl": "max-age=3600", "lastModified": "2025-10-06T07:54:35.340Z", "contentLength": 41448, "httpStatusCode": 200}', 'c74fe998-8065-4294-ac01-e16f24dfd89a', NULL, '{}', 3),
	('fa30842a-35f7-4a6e-8503-b4716e5ed0c4', 'people-images', '2eca3362-a925-455c-8542-35698084eabb/image/image_2623_1759737290904.jpeg', NULL, '2025-10-06 07:54:50.931613+00', '2025-10-06 07:54:50.931613+00', '2025-10-06 07:54:50.931613+00', '{"eTag": "\"a029802b941eec30bc4c235eb27fe9ce\"", "size": 17568, "mimetype": "image/jpeg", "cacheControl": "max-age=3600", "lastModified": "2025-10-06T07:54:50.920Z", "contentLength": 17568, "httpStatusCode": 200}', '31235c38-f5e6-477f-8c13-1fccb127eee1', NULL, '{}', 3),
	('e464463f-3e53-4479-91f2-024462050f67', 'people-images', '2eca3362-a925-455c-8542-35698084eabb/image/image_1908_1759737275752.=', NULL, '2025-10-06 07:54:35.77909+00', '2025-10-06 07:54:35.77909+00', '2025-10-06 07:54:35.77909+00', '{"eTag": "\"dab51996edcbbbab7d47f20fcc2f8cd3\"", "size": 36307, "mimetype": "image/png", "cacheControl": "max-age=3600", "lastModified": "2025-10-06T07:54:35.770Z", "contentLength": 36307, "httpStatusCode": 200}', '77ff2af5-3033-4d46-8cd6-344302ba347c', NULL, '{}', 3),
	('896c0844-a411-4eea-9be4-419db17f111f', 'people-images', '2eca3362-a925-455c-8542-35698084eabb/image/image_1909_1759737275995.=', NULL, '2025-10-06 07:54:36.018348+00', '2025-10-06 07:54:36.018348+00', '2025-10-06 07:54:36.018348+00', '{"eTag": "\"ccc1e4f06eb923326ebbce4e644af1bf\"", "size": 33345, "mimetype": "image/png", "cacheControl": "max-age=3600", "lastModified": "2025-10-06T07:54:36.010Z", "contentLength": 33345, "httpStatusCode": 200}', 'c39f9e63-ed55-432e-b23d-5960ab91ba1b', NULL, '{}', 3),
	('1c7b30dc-9d7d-46b8-a065-aba69adaf1ba', 'people-images', '2eca3362-a925-455c-8542-35698084eabb/image/image_2626_1759737291150.jpeg', NULL, '2025-10-06 07:54:51.178021+00', '2025-10-06 07:54:51.178021+00', '2025-10-06 07:54:51.178021+00', '{"eTag": "\"d9c901ebeb22c2fd439d3b55fb806a79\"", "size": 26620, "mimetype": "image/jpeg", "cacheControl": "max-age=3600", "lastModified": "2025-10-06T07:54:51.160Z", "contentLength": 26620, "httpStatusCode": 200}', '3ad93c73-8cdf-4cd8-a05d-033551b472d9', NULL, '{}', 3),
	('781194bb-fbbe-4477-a38a-77d6702ceeeb', 'people-images', '2eca3362-a925-455c-8542-35698084eabb/image/image_1912_1759737276208.=', NULL, '2025-10-06 07:54:36.235678+00', '2025-10-06 07:54:36.235678+00', '2025-10-06 07:54:36.235678+00', '{"eTag": "\"2123dfcb0d31b551118ac20f7a0724e3\"", "size": 29237, "mimetype": "image/png", "cacheControl": "max-age=3600", "lastModified": "2025-10-06T07:54:36.220Z", "contentLength": 29237, "httpStatusCode": 200}', 'c106b66d-f59f-4db2-9d8f-0a03a4a63c1e', NULL, '{}', 3),
	('72681f62-5865-4691-a677-6ac95db9458a', 'people-images', '2eca3362-a925-455c-8542-35698084eabb/image/image_1913_1759737276416.=', NULL, '2025-10-06 07:54:36.443092+00', '2025-10-06 07:54:36.443092+00', '2025-10-06 07:54:36.443092+00', '{"eTag": "\"aef01674fbbd30cf57738250a14d7791\"", "size": 28441, "mimetype": "image/png", "cacheControl": "max-age=3600", "lastModified": "2025-10-06T07:54:36.430Z", "contentLength": 28441, "httpStatusCode": 200}', '15ba8a5c-fc01-4c0b-b4fc-f8c6242eb629', NULL, '{}', 3),
	('ccd840d2-0e1a-4f07-a513-fb67fecd4bfe', 'people-images', '2eca3362-a925-455c-8542-35698084eabb/image/image_1914_1759737276603.=', NULL, '2025-10-06 07:54:36.633159+00', '2025-10-06 07:54:36.633159+00', '2025-10-06 07:54:36.633159+00', '{"eTag": "\"317db63f0f9525b867e5dbe6610534ce\"", "size": 29179, "mimetype": "image/png", "cacheControl": "max-age=3600", "lastModified": "2025-10-06T07:54:36.620Z", "contentLength": 29179, "httpStatusCode": 200}', 'a6d85ec5-53da-4352-af38-7ea62d6bf0a4', NULL, '{}', 3),
	('57fbfaaa-0f4d-4c7b-a8db-710dee2b0e88', 'people-images', '2eca3362-a925-455c-8542-35698084eabb/image/image_1915_1759737276787.=', NULL, '2025-10-06 07:54:36.815529+00', '2025-10-06 07:54:36.815529+00', '2025-10-06 07:54:36.815529+00', '{"eTag": "\"38302a88567d8e266f05b5764e3d1a5a\"", "size": 23836, "mimetype": "image/png", "cacheControl": "max-age=3600", "lastModified": "2025-10-06T07:54:36.800Z", "contentLength": 23836, "httpStatusCode": 200}', '119fe6d7-7b5b-49e3-bcb6-fff6893313f3', NULL, '{}', 3),
	('f162e28f-3504-4920-915c-3dc2a767aee1', 'people-images', '2eca3362-a925-455c-8542-35698084eabb/image/image_1916_1759737276969.=', NULL, '2025-10-06 07:54:36.994745+00', '2025-10-06 07:54:36.994745+00', '2025-10-06 07:54:36.994745+00', '{"eTag": "\"5163169dacba1f16a8a2fb37590bf766\"", "size": 29060, "mimetype": "image/png", "cacheControl": "max-age=3600", "lastModified": "2025-10-06T07:54:36.980Z", "contentLength": 29060, "httpStatusCode": 200}', '1ddb57bb-46a4-421e-9668-8b773e5f45f0', NULL, '{}', 3),
	('46be0451-dde4-4abc-94f2-64e14bd2d059', 'people-images', '2eca3362-a925-455c-8542-35698084eabb/image/image_1917_1759737277174.=', NULL, '2025-10-06 07:54:37.201619+00', '2025-10-06 07:54:37.201619+00', '2025-10-06 07:54:37.201619+00', '{"eTag": "\"f87b32fde1aaf16c805fd9373df25282\"", "size": 26864, "mimetype": "image/png", "cacheControl": "max-age=3600", "lastModified": "2025-10-06T07:54:37.190Z", "contentLength": 26864, "httpStatusCode": 200}', 'bba5486f-6fcc-426d-97b4-d34e661b16c7', NULL, '{}', 3),
	('692ddca8-2c86-487e-b2a1-de0f5d972d46', 'people-images', '2eca3362-a925-455c-8542-35698084eabb/image/image_2637_1759737291520.jpeg', NULL, '2025-10-06 07:54:51.54586+00', '2025-10-06 07:54:51.54586+00', '2025-10-06 07:54:51.54586+00', '{"eTag": "\"66caa0df19396d5e6dc021ea7766366b\"", "size": 35930, "mimetype": "image/jpeg", "cacheControl": "max-age=3600", "lastModified": "2025-10-06T07:54:51.530Z", "contentLength": 35930, "httpStatusCode": 200}', 'e9429a9e-6d79-47f9-a952-2e0949043930', NULL, '{}', 3),
	('f402e1f1-29ea-4f06-bb84-0ad15558ad6c', 'people-images', '2eca3362-a925-455c-8542-35698084eabb/image/image_1919_1759737277397.=', NULL, '2025-10-06 07:54:37.428398+00', '2025-10-06 07:54:37.428398+00', '2025-10-06 07:54:37.428398+00', '{"eTag": "\"3c7213d0722e498ae0c1e4b373837fc4\"", "size": 25172, "mimetype": "image/png", "cacheControl": "max-age=3600", "lastModified": "2025-10-06T07:54:37.420Z", "contentLength": 25172, "httpStatusCode": 200}', 'f4437f18-cc1c-419d-9de8-4c09f0c36d97', NULL, '{}', 3),
	('04f4244c-44a0-414c-b8ef-8fbe3b2c884f', 'people-images', '2eca3362-a925-455c-8542-35698084eabb/image/image_1932_1759737277780.jpeg', NULL, '2025-10-06 07:54:37.806536+00', '2025-10-06 07:54:37.806536+00', '2025-10-06 07:54:37.806536+00', '{"eTag": "\"960ee32055f2261d4e4513e3a8f6cc42\"", "size": 14841, "mimetype": "image/jpeg", "cacheControl": "max-age=3600", "lastModified": "2025-10-06T07:54:37.790Z", "contentLength": 14841, "httpStatusCode": 200}', '285ff6fa-a750-41d7-898c-74e00622d9a5', NULL, '{}', 3),
	('6fb9e400-ed11-43fc-9753-364d45a15a3d', 'people-images', '2eca3362-a925-455c-8542-35698084eabb/image/image_2642_1759737291894.jpg', NULL, '2025-10-06 07:54:51.933894+00', '2025-10-06 07:54:51.933894+00', '2025-10-06 07:54:51.933894+00', '{"eTag": "\"7957aa33610bcc6a4bee3fbab50e0c6b\"", "size": 273520, "mimetype": "image/jpeg", "cacheControl": "max-age=3600", "lastModified": "2025-10-06T07:54:51.910Z", "contentLength": 273520, "httpStatusCode": 200}', '441f99eb-7dce-451c-95eb-3b4f4b430e63', NULL, '{}', 3),
	('1ae229bd-cb5a-4df4-9147-9a4f55099325', 'people-images', '2eca3362-a925-455c-8542-35698084eabb/image/image_1990_1759737278849.=', NULL, '2025-10-06 07:54:38.880218+00', '2025-10-06 07:54:38.880218+00', '2025-10-06 07:54:38.880218+00', '{"eTag": "\"d036a346e31bda40f1fe14f0afc69873\"", "size": 296752, "mimetype": "image/png", "cacheControl": "max-age=3600", "lastModified": "2025-10-06T07:54:38.860Z", "contentLength": 296752, "httpStatusCode": 200}', '24789ac7-b11b-4ef7-a758-f5f81142ed17', NULL, '{}', 3),
	('ededd4d2-a79f-49df-a9c6-247ce8a5bc96', 'people-images', '2eca3362-a925-455c-8542-35698084eabb/image/image_2651_1759737292222.jpg', NULL, '2025-10-06 07:54:52.248446+00', '2025-10-06 07:54:52.248446+00', '2025-10-06 07:54:52.248446+00', '{"eTag": "\"4a0abbfc5c77b439e6c8a9a1c3b9a2cc\"", "size": 29191, "mimetype": "image/jpeg", "cacheControl": "max-age=3600", "lastModified": "2025-10-06T07:54:52.240Z", "contentLength": 29191, "httpStatusCode": 200}', 'f58f3792-fd3a-4700-9abe-145340acac2e', NULL, '{}', 3),
	('686f8d39-7116-424b-84ab-73ee159e867e', 'people-images', '2eca3362-a925-455c-8542-35698084eabb/image/image_2654_1759737292503.jpeg', NULL, '2025-10-06 07:54:52.530704+00', '2025-10-06 07:54:52.530704+00', '2025-10-06 07:54:52.530704+00', '{"eTag": "\"2b8b87dca574ae98198bca5acd1f3755\"", "size": 43855, "mimetype": "image/jpeg", "cacheControl": "max-age=3600", "lastModified": "2025-10-06T07:54:52.520Z", "contentLength": 43855, "httpStatusCode": 200}', 'c2ea3734-0bb0-45ef-b3f8-01192b22290e', NULL, '{}', 3),
	('ec79c0e5-8fbb-4687-800e-79b4021c6b62', 'people-images', '2eca3362-a925-455c-8542-35698084eabb/image/image_2662_1759737292990.jpg', NULL, '2025-10-06 07:54:53.017836+00', '2025-10-06 07:54:53.017836+00', '2025-10-06 07:54:53.017836+00', '{"eTag": "\"85fe11e51f8d39ebec5fe50409dc09f2\"", "size": 115956, "mimetype": "image/jpeg", "cacheControl": "max-age=3600", "lastModified": "2025-10-06T07:54:53.000Z", "contentLength": 115956, "httpStatusCode": 200}', 'caee2c71-0c5c-4a39-99f3-823ca7e7b0ce', NULL, '{}', 3),
	('306cb202-ee37-4271-afc4-362a53575487', 'people-images', '2eca3362-a925-455c-8542-35698084eabb/image/image_2673_1759737293419.=', NULL, '2025-10-06 07:54:53.447989+00', '2025-10-06 07:54:53.447989+00', '2025-10-06 07:54:53.447989+00', '{"eTag": "\"27589c75b6f7c7d04020cdadce8fb489\"", "size": 342386, "mimetype": "image/png", "cacheControl": "max-age=3600", "lastModified": "2025-10-06T07:54:53.430Z", "contentLength": 342386, "httpStatusCode": 200}', 'c6685732-827e-4b8b-8988-8ca1d0317fc4', NULL, '{}', 3),
	('973d4f54-54cc-48ad-a758-05749b2be961', 'people-images', '2eca3362-a925-455c-8542-35698084eabb/image/image_2675_1759737293637.jpeg', NULL, '2025-10-06 07:54:53.66204+00', '2025-10-06 07:54:53.66204+00', '2025-10-06 07:54:53.66204+00', '{"eTag": "\"69023a201d9d43a750834102d81f3727\"", "size": 16085, "mimetype": "image/jpeg", "cacheControl": "max-age=3600", "lastModified": "2025-10-06T07:54:53.650Z", "contentLength": 16085, "httpStatusCode": 200}', '66325ed9-6b73-42b4-ba1f-afd9970a5eed', NULL, '{}', 3),
	('d336cf68-9297-4556-baa3-f977b037883d', 'people-images', '2eca3362-a925-455c-8542-35698084eabb/image/image_2684_1759737293935.=', NULL, '2025-10-06 07:54:53.968881+00', '2025-10-06 07:54:53.968881+00', '2025-10-06 07:54:53.968881+00', '{"eTag": "\"01887113aa4f6f09ff9e2aa490b4a606\"", "size": 56620, "mimetype": "image/png", "cacheControl": "max-age=3600", "lastModified": "2025-10-06T07:54:53.960Z", "contentLength": 56620, "httpStatusCode": 200}', 'ce62bee8-4a8a-4e3f-8ddf-5d89b2490e55', NULL, '{}', 3),
	('b8543fee-8efd-4d56-ac79-4ac6ac457edd', 'people-images', '2eca3362-a925-455c-8542-35698084eabb/image/image_2686_1759737294166.=', NULL, '2025-10-06 07:54:54.189517+00', '2025-10-06 07:54:54.189517+00', '2025-10-06 07:54:54.189517+00', '{"eTag": "\"61fe87fe399dd27988addabffbcebaf5\"", "size": 70373, "mimetype": "image/png", "cacheControl": "max-age=3600", "lastModified": "2025-10-06T07:54:54.180Z", "contentLength": 70373, "httpStatusCode": 200}', '911ec055-f6d2-4d63-b921-3463c9acd326', NULL, '{}', 3),
	('052df783-abeb-4251-bf69-2f12fd554549', 'people-images', '2eca3362-a925-455c-8542-35698084eabb/image/image_2688_1759737294364.=', NULL, '2025-10-06 07:54:54.39448+00', '2025-10-06 07:54:54.39448+00', '2025-10-06 07:54:54.39448+00', '{"eTag": "\"0b5e97365d94e29b71aa18f440aca1db\"", "size": 72742, "mimetype": "image/png", "cacheControl": "max-age=3600", "lastModified": "2025-10-06T07:54:54.380Z", "contentLength": 72742, "httpStatusCode": 200}', '3ead6fe1-e6e8-40b4-bc55-3b0e8fc7f546', NULL, '{}', 3),
	('3cededbd-7b41-4d5f-a3d1-79677ff6f12c', 'people-images', '2eca3362-a925-455c-8542-35698084eabb/image/image_2690_1759737294614.=', NULL, '2025-10-06 07:54:54.641569+00', '2025-10-06 07:54:54.641569+00', '2025-10-06 07:54:54.641569+00', '{"eTag": "\"4dc5a55785fc8a046838d68e05b80c19\"", "size": 71823, "mimetype": "image/png", "cacheControl": "max-age=3600", "lastModified": "2025-10-06T07:54:54.630Z", "contentLength": 71823, "httpStatusCode": 200}', 'dc54ba84-4ec2-4f7e-b95b-c42164afd4ec', NULL, '{}', 3),
	('dac45444-1637-4713-8d0b-dc4460c87dc8', 'people-images', '2eca3362-a925-455c-8542-35698084eabb/image/image_2691_1759737294858.=', NULL, '2025-10-06 07:54:54.883481+00', '2025-10-06 07:54:54.883481+00', '2025-10-06 07:54:54.883481+00', '{"eTag": "\"b0a6f82e3c5a374059accb9d3e9cc471\"", "size": 68980, "mimetype": "image/png", "cacheControl": "max-age=3600", "lastModified": "2025-10-06T07:54:54.870Z", "contentLength": 68980, "httpStatusCode": 200}', '42c893dc-b648-48eb-a13e-0910d98ebe98', NULL, '{}', 3),
	('e0508882-8c8d-47f0-bfd8-d7647a975d51', 'people-images', '2eca3362-a925-455c-8542-35698084eabb/image/image_2692_1759737295106.=', NULL, '2025-10-06 07:54:55.13582+00', '2025-10-06 07:54:55.13582+00', '2025-10-06 07:54:55.13582+00', '{"eTag": "\"658ac5a71226ac56874f5ad0d5bad9cb\"", "size": 197185, "mimetype": "image/png", "cacheControl": "max-age=3600", "lastModified": "2025-10-06T07:54:55.120Z", "contentLength": 197185, "httpStatusCode": 200}', 'd547f37c-d9ca-4ca4-81a8-2af044aca1be', NULL, '{}', 3),
	('0988af3e-64be-45f2-857f-13074c80bf39', 'people-images', '2eca3362-a925-455c-8542-35698084eabb/image/image_2693_1759737295387.=', NULL, '2025-10-06 07:54:55.41427+00', '2025-10-06 07:54:55.41427+00', '2025-10-06 07:54:55.41427+00', '{"eTag": "\"2b6aea53c3e61d18b4a1d3dca475d39a\"", "size": 279398, "mimetype": "image/png", "cacheControl": "max-age=3600", "lastModified": "2025-10-06T07:54:55.400Z", "contentLength": 279398, "httpStatusCode": 200}', '7a133b4e-ec4c-4e10-8428-2f4b494c2351', NULL, '{}', 3),
	('7003d943-7f26-4ee3-ad2d-6e1be774f3f5', 'people-images', '2eca3362-a925-455c-8542-35698084eabb/image/image_2694_1759737295700.=', NULL, '2025-10-06 07:54:55.729223+00', '2025-10-06 07:54:55.729223+00', '2025-10-06 07:54:55.729223+00', '{"eTag": "\"5182cf2bd842486b157c3a4cfa93b3df\"", "size": 235038, "mimetype": "image/png", "cacheControl": "max-age=3600", "lastModified": "2025-10-06T07:54:55.710Z", "contentLength": 235038, "httpStatusCode": 200}', '5ab2ed97-9fec-4740-b001-3744eff52ad8', NULL, '{}', 3),
	('3d7f567b-7f57-4336-869c-07169dba9840', 'people-images', '2eca3362-a925-455c-8542-35698084eabb/image/image_2695_1759737295903.=', NULL, '2025-10-06 07:54:55.932704+00', '2025-10-06 07:54:55.932704+00', '2025-10-06 07:54:55.932704+00', '{"eTag": "\"48d2d8085685a5bf98627feb21134bb4\"", "size": 90624, "mimetype": "image/png", "cacheControl": "max-age=3600", "lastModified": "2025-10-06T07:54:55.920Z", "contentLength": 90624, "httpStatusCode": 200}', 'd5957cbf-e947-43c0-ab52-bac87a015194', NULL, '{}', 3),
	('361cdb01-0a80-412a-883d-16e3467966bf', 'people-images', '2eca3362-a925-455c-8542-35698084eabb/image/image_2696_1759737296212.=', NULL, '2025-10-06 07:54:56.242748+00', '2025-10-06 07:54:56.242748+00', '2025-10-06 07:54:56.242748+00', '{"eTag": "\"d834a245003d6b043792186c5e555285\"", "size": 95994, "mimetype": "image/png", "cacheControl": "max-age=3600", "lastModified": "2025-10-06T07:54:56.230Z", "contentLength": 95994, "httpStatusCode": 200}', '66ad7929-0e08-4e3c-80a3-43f32fa97e64', NULL, '{}', 3),
	('21203f1e-d3a8-4887-a03a-81596e7182ec', 'people-images', '2eca3362-a925-455c-8542-35698084eabb/image/image_2697_1759737296443.=', NULL, '2025-10-06 07:54:56.469373+00', '2025-10-06 07:54:56.469373+00', '2025-10-06 07:54:56.469373+00', '{"eTag": "\"e42927dc7ca871c24147e49f8e2b3099\"", "size": 49910, "mimetype": "image/png", "cacheControl": "max-age=3600", "lastModified": "2025-10-06T07:54:56.460Z", "contentLength": 49910, "httpStatusCode": 200}', '52b1598f-ec91-4bd2-8887-72017660631f', NULL, '{}', 3),
	('80733ef6-b4f8-4125-9750-f8030750a8d0', 'people-images', '2eca3362-a925-455c-8542-35698084eabb/image/image_2698_1759737296679.=', NULL, '2025-10-06 07:54:56.705775+00', '2025-10-06 07:54:56.705775+00', '2025-10-06 07:54:56.705775+00', '{"eTag": "\"475501d5f000eaa96750e426551404a4\"", "size": 46338, "mimetype": "image/png", "cacheControl": "max-age=3600", "lastModified": "2025-10-06T07:54:56.690Z", "contentLength": 46338, "httpStatusCode": 200}', '98aaa911-d8cc-4969-adb9-270ce479c0dd', NULL, '{}', 3),
	('a380f994-f197-4d3b-bbf8-476bb775cf38', 'people-images', '2eca3362-a925-455c-8542-35698084eabb/image/image_2699_1759737296980.=', NULL, '2025-10-06 07:54:57.008013+00', '2025-10-06 07:54:57.008013+00', '2025-10-06 07:54:57.008013+00', '{"eTag": "\"3d93dbdb1df3c47346ab6f68798642da\"", "size": 42887, "mimetype": "image/png", "cacheControl": "max-age=3600", "lastModified": "2025-10-06T07:54:56.990Z", "contentLength": 42887, "httpStatusCode": 200}', '6def3ba4-ce89-4ec2-ab9a-03ebce93ce19', NULL, '{}', 3),
	('17705911-5656-402b-bfc2-55e6039d90ea', 'people-images', '2eca3362-a925-455c-8542-35698084eabb/image/image_2700_1759737297211.=', NULL, '2025-10-06 07:54:57.237976+00', '2025-10-06 07:54:57.237976+00', '2025-10-06 07:54:57.237976+00', '{"eTag": "\"ef570b1bb358bbadf9622a7dc6b4e1bd\"", "size": 102696, "mimetype": "image/png", "cacheControl": "max-age=3600", "lastModified": "2025-10-06T07:54:57.220Z", "contentLength": 102696, "httpStatusCode": 200}', '2992c116-b7f7-4105-9ee0-ae527d9acbf2', NULL, '{}', 3),
	('fd806171-124c-4048-8cdc-789434fadfac', 'people-images', '2eca3362-a925-455c-8542-35698084eabb/image/image_2701_1759737297426.=', NULL, '2025-10-06 07:54:57.452384+00', '2025-10-06 07:54:57.452384+00', '2025-10-06 07:54:57.452384+00', '{"eTag": "\"92e70f7685b4298c1bf0a4efe83ac642\"", "size": 104613, "mimetype": "image/png", "cacheControl": "max-age=3600", "lastModified": "2025-10-06T07:54:57.440Z", "contentLength": 104613, "httpStatusCode": 200}', '47225939-89fb-449c-9768-6da764bacc42', NULL, '{}', 3);


--
-- Data for Name: prefixes; Type: TABLE DATA; Schema: storage; Owner: supabase_storage_admin
--

INSERT INTO "storage"."prefixes" ("bucket_id", "name", "created_at", "updated_at") VALUES
	('people-images', '1c5a22c7-ca7c-4db7-9509-d91aff15aee0', '2025-10-05 06:49:21.126987+00', '2025-10-05 06:49:21.126987+00'),
	('people-images', '1c5a22c7-ca7c-4db7-9509-d91aff15aee0/image', '2025-10-05 06:49:21.126987+00', '2025-10-05 06:49:21.126987+00'),
	('people-images', '2eca3362-a925-455c-8542-35698084eabb', '2025-10-06 07:54:06.079682+00', '2025-10-06 07:54:06.079682+00'),
	('people-images', '2eca3362-a925-455c-8542-35698084eabb/image', '2025-10-06 07:54:06.079682+00', '2025-10-06 07:54:06.079682+00');


--
-- Data for Name: s3_multipart_uploads; Type: TABLE DATA; Schema: storage; Owner: supabase_storage_admin
--



--
-- Data for Name: s3_multipart_uploads_parts; Type: TABLE DATA; Schema: storage; Owner: supabase_storage_admin
--



--
-- Data for Name: hooks; Type: TABLE DATA; Schema: supabase_functions; Owner: supabase_functions_admin
--



--
-- Name: refresh_tokens_id_seq; Type: SEQUENCE SET; Schema: auth; Owner: supabase_auth_admin
--

SELECT pg_catalog.setval('"auth"."refresh_tokens_id_seq"', 10, true);


--
-- Name: meeting_notes_id_seq; Type: SEQUENCE SET; Schema: public; Owner: postgres
--

SELECT pg_catalog.setval('"public"."meeting_notes_id_seq"', 1, false);


--
-- Name: hooks_id_seq; Type: SEQUENCE SET; Schema: supabase_functions; Owner: supabase_functions_admin
--

SELECT pg_catalog.setval('"supabase_functions"."hooks_id_seq"', 1, false);


--
-- PostgreSQL database dump complete
--

-- \unrestrict 4jVLdFLqKRBGfsr7FpkOeeuVCIEb2Y1LiehSCOa0LQwfUjgDu6JiR0QGt0RBhTp

RESET ALL;
